"title","lat","lng","www","conduse"
"Biblioteca Malatestiana","44,13885063918400","12,24372894462600","http://www.malatestiana.it","http://dati.emilia-romagna.it/id/ibc/condition/IT-FC0011_orari"
"Biblioteca comunale dell'Archiginnasio","44,49209236366220","11,34342811272930","http://www.archiginnasio.it/form_richiesta_bibl.html","http://dati.emilia-romagna.it/id/ibc/condition/IT-BO0304_orari"
"Biblioteca comunale dell'Archiginnasio","44,49209236366220","11,34342811272930","http://prestito.iccu.sbn.it/ILLWeb/servlets/ILL","http://dati.emilia-romagna.it/id/ibc/condition/IT-BO0304_orari"
"Biblioteca comunale dell'Archiginnasio","44,49209236366220","11,34342811272930","http://www.archiginnasio.it","http://dati.emilia-romagna.it/id/ibc/condition/IT-BO0304_orari"
"Biblioteca Salaborsa","44,49463908914300","11,34239203639910","http://www.bibliotecasalaborsa.it/home.php","http://dati.emilia-romagna.it/id/ibc/condition/IT-BO0563_orari"
"Biblioteca comunale Ariostea","44,83291244548040","11,62173027898390","http://www.artecultura.fe.it/index.phtml?id=271","http://dati.emilia-romagna.it/id/ibc/condition/IT-FE0017_orari"
"Biblioteca Musei Archivi Biblioteche","44,41728314921100","12,20399998516600","http://scoprirete.bibliotecheromagna.it/","http://dati.emilia-romagna.it/id/ibc/condition/IT-RA0053_orari"
"Biblioteca Musei Archivi Biblioteche","44,41728314921100","12,20399998516600","http://www.bibliotecheromagna.it","http://dati.emilia-romagna.it/id/ibc/condition/IT-RA0053_orari"
"Biblioteca Campori","44,73813854633900","10,92489271441000","http://www.bibliomo.it/SebinaOpac/.do#2","http://dati.emilia-romagna.it/id/ibc/condition/IT-MO0125_orari"
"Biblioteca comunale","44,47653597583380","11,63900816800210","http://www.comune.medicina.bo.it/moduli/ufficio.aspx?ID=1&q=20","http://dati.emilia-romagna.it/id/ibc/condition/IT-BO0207_orari"
"Biblioteca comunale """Aldo Luppi""" di Porotto","44,84999726130120","11,55302478290150","http://www.comune.fe.it/canali/biblioteche/porotto.htm","http://dati.emilia-romagna.it/id/ibc/condition/IT-FE0142_orari"
"Biblioteca del Museo internazionale delle ceramiche","44,28871040403210","11,88181978764770","http://www.micfaenza.org","http://dati.emilia-romagna.it/id/ibc/condition/IT-RA0019_orari"
"Biblioteca comunale Manfrediana. Sede di Reda","44,30168700006290","11,96770139261180",,"http://dati.emilia-romagna.it/id/ibc/condition/IT-RA0074_orari"
"Biblioteca comunale """Giorgio Bassani"""","44,8634694","11,605104","http://archibiblio.comune.fe.it/355/index.php?id=298","http://dati.emilia-romagna.it/id/ibc/condition/IT-FE0098_orari"
"Sala di lettura di Ponte della Venturina","44,131614","10,990961",,"http://dati.emilia-romagna.it/id/ibc/condition/IT-BO0195_orari"
"Centro lettura """Publio Francesco Modesti"""","43,87281408333240","12,66849653856770",,"http://dati.emilia-romagna.it/id/ibc/condition/IT-RN0015_orari"
"Biblioteca comunale","44,85110794549350","9,86698075714009","http://www.comune.castellarquato.pc.it/pagina.asp?IDpag=107&idbox=30&idvocebox=144","http://dati.emilia-romagna.it/id/ibc/condition/IT-PC0067_orari"
"Biblioteca comunale","44,35468627073530","11,71129087853750","http://www.bim.comune.imola.bo.it","http://dati.emilia-romagna.it/id/ibc/condition/IT-BO0199_orari"
"Centro culturale - Biblioteca comunale","44,84981768668960","11,06960117316120","http://www.comune.medolla.mo.it","http://dati.emilia-romagna.it/id/ibc/condition/IT-MO0033_orari"
"Biblioteca comunale","44,39732577291790","11,81207604652080","http://www.comunemordano.it/biblioteca.html","http://dati.emilia-romagna.it/id/ibc/condition/IT-BO0211_orari"
"Biblioteca comunale """Giuseppe Malagoli"""","44,84469501551510","10,73133782600760","http://biblioteche.provincia.re.it/Sezione.jsp?idSezione=65","http://dati.emilia-romagna.it/id/ibc/condition/IT-RE0042_orari"
"Biblioteca comunale","44,49069268770100","11,22286115142150","http://www.comune.zolapredosa.bo.it/comune/uffici/-istituzione/pagina23.html","http://dati.emilia-romagna.it/id/ibc/condition/IT-BO0254_orari"
"Biblioteca dell'Azienda Unità Sanitaria Locale","44,60443380486980","10,86913757740110","http://www.ausl.mo.it/flex/cm/pages/ServeBLOB.php/L/IT/IDPagina/8334","http://dati.emilia-romagna.it/id/ibc/condition/IT-MO0233_orari"
"Biblioteca del Quartiere Borello","44,05267090494330","12,18012516918680",,"http://dati.emilia-romagna.it/id/ibc/condition/IT-FC0129_orari"
"Biblioteca comunale """Severino Ferrari"""","44,62094098967490","11,66966816053420","http://www.comune.molinella.bo.it/vivere/biblio/servizi.aspx","http://dati.emilia-romagna.it/id/ibc/condition/IT-BO0257_orari"
"Biblioteca comunale """Zosimo Marinelli"""","44,34629641408250","10,99352794518960","http://www.comune.zocca.mo.it/uffici/pag125.aspx","http://dati.emilia-romagna.it/id/ibc/condition/IT-MO0128_orari"
"Biblioteca del Quartiere Cervese Sud - Sant'Egidio","44,15293296597590","12,26296365821840",,"http://dati.emilia-romagna.it/id/ibc/condition/IT-FC0127_orari"
"Biblioteca Scandellara","44,49679215319750","11,38329025290440","http://www.bibliotechebologna.it//luoghi/62013/id/55862","http://dati.emilia-romagna.it/id/ibc/condition/IT-BO0302_orari"
"Biblioteca comunale """Cesare Zavattini"""","44,96046916099220","10,69117906690330","http://biblioteche.provincia.re.it/luzzara","http://dati.emilia-romagna.it/id/ibc/condition/IT-RE0039_orari"
"Biblioteca comunale """Cesare Zavattini"""","44,96046916099220","10,69117906690330","http://www.facebook.com/cesare.zavattini.7","http://dati.emilia-romagna.it/id/ibc/condition/IT-RE0039_orari"
"Biblioteca comunale """Cesare Zavattini"""","44,96046916099220","10,69117906690330","http://www.fondazioneunpaese.org","http://dati.emilia-romagna.it/id/ibc/condition/IT-RE0039_orari"
"Biblioteca """Oriano Tassinari Clò"""","44,48714794874540","11,31505497114970","http://www.bibliotechebologna.it//luoghi/62013/id/51658","http://dati.emilia-romagna.it/id/ibc/condition/IT-BO0523_orari"
"Biblioteca comunale decentrata di Ospizio","44,69388003107710","10,64457116384850","http://www.bibliotecapanizzi.it/biblioteche/panizzi.nsf/e9c715c6691a6e19c1256e1b00379b21/df06cf3f5055112fc1256e8400504516?OpenDocument","http://dati.emilia-romagna.it/id/ibc/condition/IT-RE0086_orari"
"Biblioteca comunale Manfrediana. Sede di Granarolo","44,29534377531040","11,86452867866110",,"http://dati.emilia-romagna.it/id/ibc/condition/IT-RA0119_orari"
"Biblioteca comunale """Fratelli Carnacini"""","44,04012249463240","12,31322138778990",,"http://dati.emilia-romagna.it/id/ibc/condition/IT-FC0105_orari"
"Biblioteca civica """Francesco Zanetti"""","44,61500415134040","9,97932910917900","http://www.comune.solignano.pr.it/page.asp?IdCategoria=2990&IDSezione=&IDOggetto=&Tipo=SERVIZIO","http://dati.emilia-romagna.it/id/ibc/condition/IT-PR0236_orari"
"Biblioteca medico-scientifica dell'Azienda USL di Piacenza","45,05447356962860","9,68300000605450",,"http://dati.emilia-romagna.it/id/ibc/condition/IT-PC0073_orari"
"Biblioteca comunale """Carlo Piancastelli"""","44,46750781157140","11,95983993024720","http://www.comune.fusignano.ra.it/contenuti/index.php?t=biblioteca&ref=3","http://dati.emilia-romagna.it/id/ibc/condition/IT-RA0024_orari"
"Biblioteca comunale","44,5686","9,884708","http://www.comune.valmozzola.pr.it/page.asp?IDCategoria=3209&IDSezione=15211&IDOggetto=7121&Tipo=SERVIZIO","http://dati.emilia-romagna.it/id/ibc/condition/IT-PR0237_orari"
"Biblioteca Scientifica """Carlo Livi"""","44,68668492903810","10,66541561868420","http://www.ausl.re.it/biblioteca-scientifica-carlo-livi.html","http://dati.emilia-romagna.it/id/ibc/condition/IT-RE0053_orari"
"Biblioteca comunale","44,27018657959350","11,32172547122620",,"http://dati.emilia-romagna.it/id/ibc/condition/IT-BO0204_orari"
"Biblioteca comunale","43,86202147200330","12,70390399254230",,"http://dati.emilia-romagna.it/id/ibc/condition/IT-RN0009_orari"
"Biblioteca comunale """Pablo Neruda"""","44,62021659227960","10,60157302626920","http://www.comune.albinea.re.it/Sezione.jsp?idSezione=70&idSezioneRif=19","http://dati.emilia-romagna.it/id/ibc/condition/IT-RE0001_orari"
"Biblioteca comunale """Pablo Neruda"""","44,62021659227960","10,60157302626920","http://biblioteche.provincia.re.it/albinea","http://dati.emilia-romagna.it/id/ibc/condition/IT-RE0001_orari"
"Biblioteca Italiana delle Donne - Centro delle Donne Città di Bologna","44,48824020373830","11,35556880906100","http://www.women.it/bibliotecadelledonne/","http://dati.emilia-romagna.it/id/ibc/condition/IT-BO0284_orari"
"Biblioteca comunale del Centro culturale polivalente","44,76651023291700","9,38652663598162",,"http://dati.emilia-romagna.it/id/ibc/condition/IT-PC0004_orari"
"Centro culturale polivalente """C. Rambaldi"""","44,84211881226350","11,49914270406370","http://www.comune.vigarano.fe.it/Biblioteca","http://dati.emilia-romagna.it/id/ibc/condition/IT-FE0052_orari"
"Biblioteca Civica Patrimonio Studi","44,72898824820680","11,29165897224040","http://www.comune.cento.fe.it/biblioteca/index.htm","http://dati.emilia-romagna.it/id/ibc/condition/IT-FE0004_orari"
"Biblioteca scientifica """Sante Solieri""" dell'Ospedale """G. B. Morgagni - L. Pierantoni""" di Vecchiazzano","44,22964649626200","12,03831281061720","http://www.ausl.fo.it","http://dati.emilia-romagna.it/id/ibc/condition/IT-FC0019_orari"
"Biblioteca comunale di Voltana","44,53803896513090","11,93005411393780",,"http://dati.emilia-romagna.it/id/ibc/condition/IT-RA0083_orari"
"Biblioteca """Antonio Panizzi"""","44,69657263157800","10,62931073889870","http://www.bibliotecapanizzi.it/","http://dati.emilia-romagna.it/id/ibc/condition/IT-RE0052_orari"
"Biblioteca della Sezione provinciale dell'Agenzia Regionale Prevenzione e Ambiente di Ravenna","44,41608620397730","12,20587189766260",,"http://dati.emilia-romagna.it/id/ibc/condition/IT-RA0088_orari"
"Biblioteca del Museo ornitologico e di scienze naturali","44,54459450957390","12,14988606022740",,"http://dati.emilia-romagna.it/id/ibc/condition/IT-RA0064_orari"
"Biblioteca-Emeroteca MAMbo - Museo d'Arte Moderna di Bologna","44,50267906915080","11,33679703420920","http://www.mambo-bologna.org/biblioteca","http://dati.emilia-romagna.it/id/ibc/condition/IT-BO0307_orari"
"Biblioteca comunale """Fabrizio Trisi"""","44,42022985128830","11,90912665911130","http://www.bibliotecatrisi.it","http://dati.emilia-romagna.it/id/ibc/condition/IT-RA0025_orari"
"Biblioteca comunale """Gaspare Mariotti"""","43,91239938044050","12,64537989210360","http://www.morciano.org/mambo/index.php?option=com_content&task=view&lang=it&id=188&Itemid=0","http://dati.emilia-romagna.it/id/ibc/condition/IT-RN0010_orari"
"Biblioteca del Quartiere Al mare - Ruffio","44,14040379513430","12,36196721436690",,"http://dati.emilia-romagna.it/id/ibc/condition/IT-FC0124_orari"
"Biblioteca comunale MABIC","44,52531906475050","10,86524836623810",,"http://dati.emilia-romagna.it/id/ibc/condition/IT-MO0132_orari"
"Biblioteca comunale","44,80648203177610","10,80161679346070","http://biblioteche.provincia.re.it/riosaliceto","http://dati.emilia-romagna.it/id/ibc/condition/IT-RE0058_orari"
"Biblioteca comunale """Carlo Pasini"""","44,22233924609460","11,76883735199470",,"http://dati.emilia-romagna.it/id/ibc/condition/IT-RA0003_orari"
"Biblioteca comunale """Claudio Zanichelli"""","44,90553851291100","10,55354450267370","http://biblioteche.provincia.re.it/Sezione.jsp?idSezione=44","http://dati.emilia-romagna.it/id/ibc/condition/IT-RE0010_orari"
"Biblioteca comunale """Arturo Panarari"""","44,76288627326360","10,59464207905600","http://biblioteche.provincia.re.it/cadelbosco","http://dati.emilia-romagna.it/id/ibc/condition/IT-RE0013_orari"
"Biblioteca comunale","44,76016377828560","10,44871022237780","http://biblioteche.provincia.re.it/Sezione.jsp?idSezione=73","http://dati.emilia-romagna.it/id/ibc/condition/IT-RE0069_orari"
"Biblioteca comunale di Palazzo Frattini","44,92120982636580","10,65260307832640","http://www.comune.guastalla.re.it/servizi/menu/dinamica.aspx?idArea=16540&idCat=17570&ID=17570&TipoElemento=categoria","http://dati.emilia-romagna.it/id/ibc/condition/IT-RE0082_orari"
"Biblioteca comunale di Palazzo Frattini","44,92120982636580","10,65260307832640","http://biblioteche.provincia.re.it/guastalla","http://dati.emilia-romagna.it/id/ibc/condition/IT-RE0082_orari"
"Biblioteca comunale """Ugo Guanda"""","44,80461921827010","10,32974581511280","http://biblioteche.comune.parma.it/portal/page?_pageid=193,334414&_dad=portal&_schema=PORTAL&nome_cat=GUANDA","http://dati.emilia-romagna.it/id/ibc/condition/IT-PR0030_orari"
"Biblioteca comunale","44,14189516599180","11,15698816273290","http://www.facebook.com/BibliotecaComunaleDiCastiglioneDeiPepoli","http://dati.emilia-romagna.it/id/ibc/condition/IT-BO0186_orari"
"Biblioteca comunale - Osteria Grande","44,42292657924770","11,51703541711250","http://www.comune.castelsanpietroterme.bo.it/index.php?q=infocraft/testo_libero/177&m=65","http://dati.emilia-romagna.it/id/ibc/condition/IT-BO0231_orari"
"Biblioteca """Don Lorenzo Milani""" di Rastignano","44,44019782575790","11,35790404944910","http://www.comune.pianoro.bo.it/servizi/cultura/BibliotecheCulturali","http://dati.emilia-romagna.it/id/ibc/condition/IT-BO0259_orari"
"Biblioteca comunale """Chiavelli"""","44,50828268476120","10,72703661871730","http://biblioteche.provincia.re.it/castellarano","http://dati.emilia-romagna.it/id/ibc/condition/IT-RE0022_orari"
"Biblioteca comunale """Chiavelli"""","44,50828268476120","10,72703661871730","http://www.comune.castellarano.re.it/Sezione.jsp?titolo=BIBLIOTECA&idSezione=215","http://dati.emilia-romagna.it/id/ibc/condition/IT-RE0022_orari"
"Biblioteca comunale """Centro Culturale Cà Rossa"""","44,76404682272220","10,67199780758420","http://biblioteche.provincia.re.it/Sezione.jsp?idSezione=28","http://dati.emilia-romagna.it/id/ibc/condition/IT-RE0003_orari"
"Biblioteca comunale """Rinaldo Veronesi"""","44,56522873515770","11,27235934498690","http://www.comune.calderaradireno.bo.it/aree-tematiche/cultura-e-spettacolo/attivita-e-servizi/biblioteca-201cbiblioreno-rinaldo-veronesi201d","http://dati.emilia-romagna.it/id/ibc/condition/IT-BO0176_orari"
"Biblioteca comunale","44,91493808485320","9,78795278790838","http://www.comune.carpaneto.pc.it","http://dati.emilia-romagna.it/id/ibc/condition/IT-PC0008_orari"
"Biblioteca comunale """Michele Leoni"""","44,86483743685890","10,06607319391260","http://www.comune.fidenza.pr.it/index.php?option=com_content&view=category&id=93&Itemid=234","http://dati.emilia-romagna.it/id/ibc/condition/IT-PR0013_orari"
"Biblioteca decentrata """Rotonda"""","44,62065890568850","10,92509989464530","http://www.comune.modena.it/biblioteche/rotonda","http://dati.emilia-romagna.it/id/ibc/condition/IT-MO0145_orari"
"Biblioteca comunale","44,97885026424730","11,98159398460100","http://www.comune.berra.fe.it/idx_biblioteca.php","http://dati.emilia-romagna.it/id/ibc/condition/IT-FE0002_orari"
"Museo internazionale e biblioteca della musica","44,49287832139780","11,35020819858670","http://www.museomusicabologna.it","http://dati.emilia-romagna.it/id/ibc/condition/IT-BO0310_orari"
"Biblioteca Civica """Mario Colombi Guidotti"""","44,80436891953420","10,31794186792580","http://biblioteche.comune.parma.it/BibParma/civica/index.htm","http://dati.emilia-romagna.it/id/ibc/condition/IT-PR0031_orari"
"Biblioteca dell'Istituzione Museo d'Arte della Città","44,41375765464020","12,20626254345130","http://www.mar.ra.it","http://dati.emilia-romagna.it/id/ibc/condition/IT-RA0125_orari"
"Casa della musica. Archivio storico del Teatro Regio - Sezione storica","44,80500067016180","10,33293079672670","http://www.lacasadellamusica.it","http://dati.emilia-romagna.it/id/ibc/condition/IT-PR0164_orari"
"Biblioteca comunale","44,92082309651160","12,22998315602990",,"http://dati.emilia-romagna.it/id/ibc/condition/IT-FE0148_orari"
"Istituzione Biblioteca Classense","44,41428475194630","12,19999738033190","http://www.classense.ra.it","http://dati.emilia-romagna.it/id/ibc/condition/IT-RA0036_orari"
"Biblioteca comunale """Gian Battista Toschi"""","44,49643284695400","10,60140519894300","http://biblioteche.provincia.re.it/baiso","http://dati.emilia-romagna.it/id/ibc/condition/IT-RE0005_orari"
"Biblioteca comunale """Gian Battista Toschi"""","44,49643284695400","10,60140519894300","http://www.comune.baiso.re.it/newsite","http://dati.emilia-romagna.it/id/ibc/condition/IT-RE0005_orari"
"Biblioteca comunale """Bibliomondo"""","44,78970138307590","11,13776823244320","http://www.comune.camposanto.mo.it/il-comune/servizi-comunali/area-socio-culturale/biblioteca","http://dati.emilia-romagna.it/id/ibc/condition/IT-MO0010_orari"
"Biblioteca comunale """Carlo Levi"""","44,64697005846110","10,48716546252610","http://www.comune.quattro-castella.re.it/index.php?option=com_content&view=article&id=75&Itemid=71&lang=it","http://dati.emilia-romagna.it/id/ibc/condition/IT-RE0045_orari"
"Biblioteca comunale """Carlo Levi"""","44,64697005846110","10,48716546252610","http://biblioteche.provincia.re.it/quattrocastella","http://dati.emilia-romagna.it/id/ibc/condition/IT-RE0045_orari"
"Biblioteca comunale """Carlo Levi"""","44,64697005846110","10,48716546252610","https://www.facebook.com/bibliotecadiquattrocastella","http://dati.emilia-romagna.it/id/ibc/condition/IT-RE0045_orari"
"Biblioteca comunale """Emma Agnetti Bizzi"""","44,61125983454230","10,26852028491530","http://www.comune.langhirano.parma.it","http://dati.emilia-romagna.it/id/ibc/condition/IT-PR0018_orari"
"Biblioteca comunale """Don Lorenzo Milani"""","44,81026050855020","10,18477277025260",,"http://dati.emilia-romagna.it/id/ibc/condition/IT-PR0021_orari"
"Biblioteca comunale """L. Chiappini"""","44,7581111","11,7509506","http://www.comune.voghiera.fe.it/116/biblioteca","http://dati.emilia-romagna.it/id/ibc/condition/IT-FE0147_orari"
"Biblioteca-Archivio del Centro italiano di documentazione sulla cooperazione e l'economia sociale","44,49754905164960","11,34735003428270","http://www.cooperazione.net/","http://dati.emilia-romagna.it/id/ibc/condition/IT-BO0565_orari"
"Biblioteca comunale """Raffaele Crovi"""","44,43445366551430","10,40732109263180","http://biblioteche.provincia.re.it/castelnovomonti","http://dati.emilia-romagna.it/id/ibc/condition/IT-RE0024_orari"
"Biblioteca comunale","44,21283146424420","11,50436493117890","http://casteldelrio.provincia.bologna.it/comune/servizi/biblioteca","http://dati.emilia-romagna.it/id/ibc/condition/IT-BO0180_orari"
"Biblioteca comunale di Spezzano","44,53139936141970","10,83877517582200",,"http://dati.emilia-romagna.it/id/ibc/condition/IT-MO0129_orari"
"Biblioteca comunale """Natalia Ginzburg"""","44,57937309063730","11,35772277117780","http://www.comune.castel-maggiore.bo.it/servizi/menu/dinamica.aspx?idArea=3&idCat=71&ID=106","http://dati.emilia-romagna.it/id/ibc/condition/IT-BO0240_orari"
"Biblioteca comunale """Natalia Ginzburg"""","44,57937309063730","11,35772277117780","http://www.bibliotecheassociate.it/","http://dati.emilia-romagna.it/id/ibc/condition/IT-BO0240_orari"
"Biblioteca comunale","44,59354953326410","10,40937360743470","http://biblioteche.provincia.re.it/canossa","http://dati.emilia-romagna.it/id/ibc/condition/IT-RE0029_orari"
"Biblioteca comunale","44,59354953326410","10,40937360743470","http://www.comune.canossa.re.it/Sezione.jsp?titolo=BIBLIOTECA+COMUNALE&idSezione=68","http://dati.emilia-romagna.it/id/ibc/condition/IT-RE0029_orari"
"Biblioteca comunale """Mario Soldati"""","44,74330771149500","11,93933302032220","http://195.62.166.21/ostellato/common/AmvSezione.do?MVPD=0&MVSZ=11","http://dati.emilia-romagna.it/id/ibc/condition/IT-FE0047_orari"
"Biblioteca Medica """Pietro Giuseppe Corradini""" - Centro di documentazione per il Governo Clinico delle Aziende Sanitarie della Provincia di Reggio Emilia","44,68513888718880","10,62714566812790","http://biblioteca.asmn.re.it","http://dati.emilia-romagna.it/id/ibc/condition/IT-RE0047_orari"
"Biblioteca provinciale """Pietro Zangheri"""","43,95537972347280","11,91079322069270",,"http://dati.emilia-romagna.it/id/ibc/condition/IT-FC0160_orari"
"Biblioteca comunale """Prometeo"""","44,61924231657970","11,49105622959420","http://www.bibliotecheassociate.it/BiblioSchede/BA-minerbio-fr.html","http://dati.emilia-romagna.it/id/ibc/condition/IT-BO0208_orari"
"Biblioteca comunale """Prometeo"""","44,61924231657970","11,49105622959420","http://www.comune.minerbio.bo.it/uffici_servizi/-categoria7/pagina44.html","http://dati.emilia-romagna.it/id/ibc/condition/IT-BO0208_orari"
"Biblioteca di Scienze della Salute dell'Azienda Ospedaliero-Universitaria di Ferrara """Arcispedale S. Anna"""","44,81972118675960","11,63218408322790","http://www.ospfe.it/per-la-formazione/biblioteca/default-page","http://dati.emilia-romagna.it/id/ibc/condition/IT-FE0011_orari"
"Biblioteca comunale """Don Giovanni Verità""" del Comune e dell'Accademia degli Incamminati","44,15687460408380","11,79244891066920","http://www.comune.modigliana.fc.it/main/index.php?id_pag=166","http://dati.emilia-romagna.it/id/ibc/condition/IT-FC0038_orari"
"Biblioteca """Maurizio Bufalini"""","44,13465786211430","12,25967383316830","http://www.ausl-cesena.emr.it","http://dati.emilia-romagna.it/id/ibc/condition/IT-FC0013_orari"
"Biblioteca del Museo del Patrimonio Industriale","44,52201915608110","11,33433631467640","http://www.comune.bologna.it/patrimonioindustriale/sito/it/documentazioni/biblioteca.htm","http://dati.emilia-romagna.it/id/ibc/condition/IT-BO0313_orari"
"Biblioteca del Quartiere Cesuola - Ponte Abbadesse","44,12550786043900","12,24400049885630",,"http://dati.emilia-romagna.it/id/ibc/condition/IT-FC0125_orari"
"Biblioteca comunale","44,26707289411340","10,93856106579980","http://www.comune.montese.mo.it/uffici/pag136.aspx","http://dati.emilia-romagna.it/id/ibc/condition/IT-MO0095_orari"
"Biblioteca comunale","44,51832051060480","10,19947965610350","http://www.comune.tizzano-val-parma.pr.it/page.asp?IDCategoria=2084&IDSezione=17933&ID=326146","http://dati.emilia-romagna.it/id/ibc/condition/IT-PR0203_orari"
"Biblioteca storica """Lelio Pasolini"""","44,0746236","12,3264552",,"http://dati.emilia-romagna.it/id/ibc/condition/IT-FC0032_orari"
"Biblioteca comunale """Francesco Selmi"""","44,47987980279400","11,00658212644080","http://www.comune.vignola.mo.it/uffici/biblioteca__auris__francesco_selmi_e_archivio_storico/index.htm","http://dati.emilia-romagna.it/id/ibc/condition/IT-MO0127_orari"
"Biblioteca comunale """Francesco Selmi"""","44,47987980279400","11,00658212644080","http://www.auris.it","http://dati.emilia-romagna.it/id/ibc/condition/IT-MO0127_orari"
"Biblioteca del Quartiere Cervese Nord - San Giorgio di Cesena","44,13667189659490","12,23135715458030",,"http://dati.emilia-romagna.it/id/ibc/condition/IT-FC0128_orari"
"Biblioteca comunale","44,23162578355120","10,77148453154730","http://www.cedoc.mo.it/biblioteca_sestola.php","http://dati.emilia-romagna.it/id/ibc/condition/IT-MO0124_orari"
"Biblioteca comunale","44,19871483089670","10,93595739304980","http://www.gentedigaggio.com","http://dati.emilia-romagna.it/id/ibc/condition/IT-BO0193_orari"
"Biblioteca comunale """Mario Luzi"""","44,70102015634940","11,40411433942590","http://www.comune.san-pietro-in-casale.bo.it/biblio.htm","http://dati.emilia-romagna.it/id/ibc/condition/IT-BO0222_orari"
"Biblioteca comunale """Mario Luzi"""","44,70102015634940","11,40411433942590","http://www.bibliotecheassociate.it/BiblioSchede/BA-spietroadu-fr.html","http://dati.emilia-romagna.it/id/ibc/condition/IT-BO0222_orari"
"Centro Cinema """Lino Ventura"""","44,80333381469700","10,31910760464110","http://www.centrocinemalinoventura.it","http://dati.emilia-romagna.it/id/ibc/condition/IT-PR0200_orari"
"Biblioteca comunale """Aldo Spallicci"""","44,14971769441810","12,13281013148540",,"http://dati.emilia-romagna.it/id/ibc/condition/IT-FC0004_orari"
"Biblioteca comunale """Pio Campidelli"""","44,02229089240070","12,41252090436370",,"http://dati.emilia-romagna.it/id/ibc/condition/IT-RN0011_orari"
"Biblioteca comunale","45,05966166975720","9,49142152682020",,"http://dati.emilia-romagna.it/id/ibc/condition/IT-PC0043_orari"
"Biblioteca comunale """Francesco Leopoldo Bertoldi"""","44,61808429538860","11,83730291799930","http://digilander.libero.it/biblioargenta/","http://dati.emilia-romagna.it/id/ibc/condition/IT-FE0001_orari"
"Biblioteca comunale """Francesco Leopoldo Bertoldi"""","44,61808429538860","11,83730291799930","http://www.portaleargenta.it/tempo_libero/biblioteca.php","http://dati.emilia-romagna.it/id/ibc/condition/IT-FE0001_orari"
"Biblioteca comunale """Albano Sorbelli"""","44,20658969741670","10,79079821172100",,"http://dati.emilia-romagna.it/id/ibc/condition/IT-MO0192_orari"
"Biblioteca comunale","44,81118604949650","10,56309263299370","http://biblioteche.provincia.re.it/Sezione.jsp?idSezione=54","http://dati.emilia-romagna.it/id/ibc/condition/IT-RE0023_orari"
"Biblioteca comunale","44,81118604949650","10,56309263299370","http://www.comune.castelnovo-di-sotto.re.it","http://dati.emilia-romagna.it/id/ibc/condition/IT-RE0023_orari"
"Biblioteca comunale decentrata """Domenico Manfredi""" di Rosta Nuova","44,68631244572180","10,63861567804430","http://www.bibliotecapanizzi.it/biblioteche/panizzi.nsf/e9c715c6691a6e19c1256e1b00379b21/c7ea1b741e87703cc1256e84005038ad?OpenDocument","http://dati.emilia-romagna.it/id/ibc/condition/IT-RE0085_orari"
"Biblioteca comunale """Loris Ricci Garotti"""","44,44262475342370","11,86178111173420","http://www.comune.santagatasulsanterno.ra.it/Citta-e-territorio/Cultura/Biblioteca","http://dati.emilia-romagna.it/id/ibc/condition/IT-RA0043_orari"
"Biblioteca comunale","44,74536303284330","10,21997088334480","http://www.collecchioonline.it","http://dati.emilia-romagna.it/id/ibc/condition/IT-PR0111_orari"
"Biblioteca comunale","44,76490300342060","11,48757508907300",,"http://dati.emilia-romagna.it/id/ibc/condition/IT-FE0048_orari"
"Biblioteca comunale """La Fonte"""","44,25910141775020","11,56012158380100",,"http://dati.emilia-romagna.it/id/ibc/condition/IT-BO0192_orari"
"Biblioteca comunale """Peppino Impastato"""","44,53257095763160","11,02445074431620","http://www.cedoc.mo.it/biblioteca_spilamberto.php","http://dati.emilia-romagna.it/id/ibc/condition/IT-MO0126_orari"
"Biblioteca comunale """Peppino Impastato"""","44,53257095763160","11,02445074431620","http://www.comune.spilamberto.mo.it/comune/uffici/biblioteca/index.htm","http://dati.emilia-romagna.it/id/ibc/condition/IT-MO0126_orari"
"Biblioteca comunale","43,96140360672080","12,74939658965510","http://www.cattolica.net/retecivica/italiano/cultura/bibblioteca/index.php3?RESEARCH_PAGE=informazioni.htm","http://dati.emilia-romagna.it/id/ibc/condition/IT-RN0001_orari"
"Biblioteca comunale","44,0254284","11,7832166",,"http://dati.emilia-romagna.it/id/ibc/condition/IT-FC0113_orari"
"Biblioteca comunale """Sandro Pertini"""","44,75587370578800","10,13993525866730","http://www.comune.medesano.pr.it","http://dati.emilia-romagna.it/id/ibc/condition/IT-PR0166_orari"
"Biblioteca """Gino Laschi""" dell'Ospedale Maggiore","44,50445850493360","11,31565827211130","http://www.ausl.bologna.it/professionisti/biblioteca-medico-sicentifica-on-line","http://dati.emilia-romagna.it/id/ibc/condition/IT-BO0270_orari"
"Biblioteca giuridica della Provincia di Bologna","44,49531248485740","11,34836343406970",,"http://dati.emilia-romagna.it/id/ibc/condition/IT-BO0281_orari"
"Biblioteca comunale """Giuseppe Taroni"""","44,41864561728680","11,97544553391590","http://www.facebook.com/BibliotecaBagnacavallo","http://dati.emilia-romagna.it/id/ibc/condition/IT-RA0002_orari"
"Biblioteca comunale """Giuseppe Taroni"""","44,41864561728680","11,97544553391590","http://www.comune.bagnacavallo.ra.it/contenuti/index.php?t=biblioteca&ref=3","http://dati.emilia-romagna.it/id/ibc/condition/IT-RA0002_orari"
"Biblioteca multimediale """Arturo Loria"""","44,78339122307480","10,88678788242430","http://www.bibliotecaloria.it","http://dati.emilia-romagna.it/id/ibc/condition/IT-MO0012_orari"
"Biblioteca comunale e Università Pallavicinia dell'età libera","44,99459335704020","9,93053592368438","http://www.comune.cortemaggiore.pc.it/index.php/biblioteca","http://dati.emilia-romagna.it/id/ibc/condition/IT-PC0013_orari"
"Biblioteca del Quartiere Rubicone - Calisese","44,10266821273750","12,30387325846010",,"http://dati.emilia-romagna.it/id/ibc/condition/IT-FC0122_orari"
"Biblioteca per ragazzi """Luca Bertozzi"""","44,21773758922190","12,06425680175370",,"http://dati.emilia-romagna.it/id/ibc/condition/IT-FC0115_orari"
"Biblioteca comunale """Pellegrino Artusi"""","44,18837069072050","12,12638850001520","http://www.casartusi.it/content/la-biblioteca","http://dati.emilia-romagna.it/id/ibc/condition/IT-FC0025_orari"
"Biblioteca comunale","44,95638175402190","9,68670976823797","http://www.comune.podenzano.pc.it","http://dati.emilia-romagna.it/id/ibc/condition/IT-PC0036_orari"
"Biblioteca giuridica della Giunta regionale dell'Emilia-Romagna","44,50853466874250","11,36343808937860",,"http://dati.emilia-romagna.it/id/ibc/condition/IT-BO0575_orari"
"Biblioteca comunale","44,79402624080840","11,79712662251040",,"http://dati.emilia-romagna.it/id/ibc/condition/IT-FE0041_orari"
"Biblioteca comunale","44,68709317643890","10,01427244684330","http://www.comune.varano-demelegari.pr.it","http://dati.emilia-romagna.it/id/ibc/condition/IT-PR0106_orari"
"Biblioteca di Storia contemporanea """Alfredo Oriani"""","44,41590449662560","12,20004250772050","http://www.fondazionecasadioriani.it/modules.php?name=Biblioteca","http://dati.emilia-romagna.it/id/ibc/condition/IT-RA0030_orari"
"Biblioteca comunale """Passerini-Landi""" - Sede decentrata di Viale Dante","45,04252116796650","9,68944896926594","http://passerinilandi.biblioteche.piacenza.it/pagine/pag160.aspx","http://dati.emilia-romagna.it/id/ibc/condition/IT-PC0062_orari"
"Biblioteca comunale","44,72880946992090","11,03889820953690",,"http://dati.emilia-romagna.it/id/ibc/condition/IT-MO0004_orari"
"Biblioteca comunale """Casa Bondi"""","44,51122726597500","11,46991087611990","http://www.comune.castenaso.bo.it/aree-tematiche/cultura/biblioteca","http://dati.emilia-romagna.it/id/ibc/condition/IT-BO0533_orari"
"Biblioteca comunale","44,26343642204940","11,14914335031750","http://www.comune.grizzanamorandi.bo.it/servizi/Menu/dinamica.aspx?idArea=16612&idCat=17033&ID=17033&TipoElemento=categoria","http://dati.emilia-romagna.it/id/ibc/condition/IT-BO0196_orari"
"Biblioteca comunale """Francesco Torricelli"""","44,12692174383810","12,06176567523910",,"http://dati.emilia-romagna.it/id/ibc/condition/IT-FC0033_orari"
"Biblioteca """L'albero maestro"""","44,60059316578390","10,12208977264940",,"http://dati.emilia-romagna.it/id/ibc/condition/IT-PR0231_orari"
"Biblioteca comunale """BiblioSasso"""","44,39460538929360","11,24526619567260","http://www.comune.sassomarconi.bologna.it/servizi/Menu/dinamica.aspx?idSezione=18737&idArea=18740&idCat=5422&ID=5422","http://dati.emilia-romagna.it/id/ibc/condition/IT-BO0250_orari"
"Biblioteca comunale """Giuseppe Micheli"""","44,47319081181600","10,08865833971710",,"http://dati.emilia-romagna.it/id/ibc/condition/IT-PR0112_orari"
"Biblioteca - Fototeca della Pinacoteca comunale","44,28803095832440","11,87793466629270",,"http://dati.emilia-romagna.it/id/ibc/condition/IT-RA0075_orari"
"Biblioteca comunale """Silvio Mucini"""","44,38585457048380","11,34151157367470","http://www.comune.pianoro.bo.it/servizi/cultura/-Biblioteche Istituzioni Culturali/pagina22.htlm","http://dati.emilia-romagna.it/id/ibc/condition/IT-BO0527_orari"
"Biblioteca comunale """Vanda Negri"""","44,85738786395280","10,17595489078130","http://www.comune.fontevivo.pr.it/page.asp?IDCategoria=847&IDSezione=4860","http://dati.emilia-romagna.it/id/ibc/condition/IT-PR0016_orari"
"Casa Piani - Sezione ragazzi della Biblioteca comunale di Imola","44,35454319871460","11,71170044173440","https://www.facebook.com/bimbibliotecaimola?ref=hl","http://dati.emilia-romagna.it/id/ibc/condition/IT-BO0531_orari"
"Casa Piani - Sezione ragazzi della Biblioteca comunale di Imola","44,35454319871460","11,71170044173440","http://www.casapiani.comune.imola.bo.it","http://dati.emilia-romagna.it/id/ibc/condition/IT-BO0531_orari"
"Biblioteca Digitale","44,69524155663640","10,09847956980100","http://www.comune.fornovo-di-taro.pr.it","http://dati.emilia-romagna.it/id/ibc/condition/IT-PR0017_orari"
"Biblioteca comunale """Maria Goia"""","44,26075214503740","12,35108111211780","http://www.biblioteca.comunecervia.it","http://dati.emilia-romagna.it/id/ibc/condition/IT-RA0009_orari"
"Biblioteca Centralizzata","44,49026749899070","11,36385160476030","http://www.aosp.bo.it//biblio/homepage.htm","http://dati.emilia-romagna.it/id/ibc/condition/IT-BO0273_orari"
""""Centro Polifunzionale Mulino""" - Biblioteca e Ludoteca Ragazzi - Laboratori Educativi","44,7396059","10,9251795",,"http://dati.emilia-romagna.it/id/ibc/condition/IT-MO0218_orari"
"Biblioteca comunale Matildica e delle Valli dei Cavalieri","44,43659329552730","10,19451670270090",,"http://dati.emilia-romagna.it/id/ibc/condition/IT-PR0022_orari"
"Biblioteca comunale """Giovanni Santini"""","44,34126493338170","10,83493096884780","http://www.comune.pavullo-nel-frignano.mo.it/vivere_pavullo/biblioteca_comunale_giovanni_santini/default.aspx","http://dati.emilia-romagna.it/id/ibc/condition/IT-MO0102_orari"
"Biblioteca comunale","44,480117","11,033497","http://www.savignano.it/manifestazioni__eventi/biblioteca/index.htm","http://dati.emilia-romagna.it/id/ibc/condition/IT-MO0122_orari"
"Archivio storico comunale - Biblioteca","44,83178762627750","11,62162457575670",,"http://dati.emilia-romagna.it/id/ibc/condition/IT-FE0164_orari"
"Biblioteca comunale di Palazzo del Capitano","43,83326903909510","11,95861132886120","http://www.bagnodiromagnaturismo.it/biblioteca-comunale","http://dati.emilia-romagna.it/id/ibc/condition/IT-FC0071_orari"
"Biblioteca comunale","44,45774656391390","11,19962090360930","http://www.comune.montesanpietro.bo.it/index.php?option=com_content&view=article&id=260&Itemid=224","http://dati.emilia-romagna.it/id/ibc/condition/IT-BO0247_orari"
"Biblioteca comunale","44,43624768892260","10,68994061180970","http://www.cedoc.mo.it/biblioteca_prignano.php","http://dati.emilia-romagna.it/id/ibc/condition/IT-MO0108_orari"
"Biblioteca comunale """Luigi Arbizzani"""","44,64643677287730","11,37540177262680","http://www.comune.san-giorgio-di-piano.bo.it/Main/Main.asp?doc=049","http://dati.emilia-romagna.it/id/ibc/condition/IT-BO0219_orari"
"Biblioteca comunale """Luigi Arbizzani"""","44,64643677287730","11,37540177262680","http://www.bibliotecheassociate.it/BiblioSchede/BA-sgiorgioinpiano-fr.html","http://dati.emilia-romagna.it/id/ibc/condition/IT-BO0219_orari"
"Biblioteca comunale","44,72746113739010","10,38841859921900","http://www.comune.montechiarugolo.pr.it/page.asp?IDCategoria=828&IDSezione=6078","http://dati.emilia-romagna.it/id/ibc/condition/IT-PR0020_orari"
"Biblioteca dei Musei Civici di Arte Antica","44,49645949430750","11,34215664319250","http://informa.comune.bologna.it/iperbole/cultura/luoghi/38938/ricerca/biblioteca%252Bmusei%252Bcivici%252Bd%252527arte%252Bantica/tipo/2845/offset/0/id/36077","http://dati.emilia-romagna.it/id/ibc/condition/IT-BO0312_orari"
"Biblioteca comunale","44,51458425033800","11,12890122754900",,"http://dati.emilia-romagna.it/id/ibc/condition/IT-BO0187_orari"
"Biblioteca comunale """Antonio Gramsci"""","44,64443545951390","11,53248168020400","http://www.bibliotecheassociate.it/BiblioSchede/BA-baricella-fr.html","http://dati.emilia-romagna.it/id/ibc/condition/IT-BO0003_orari"
"Biblioteca comunale """Antonio Gramsci"""","44,64443545951390","11,53248168020400","http://www.comune.baricella.bo.it/biblioteca/index.htm","http://dati.emilia-romagna.it/id/ibc/condition/IT-BO0003_orari"
"Biblioteca comunale","44,76981457747690","11,93855909094080","http://www.comune.fiscaglia.fe.it/biblioteca","http://dati.emilia-romagna.it/id/ibc/condition/IT-FE0045_orari"
"Biblioteca comunale","44,23073829870820","10,65304434323370","http://www.comune.riolunato.mo.it","http://dati.emilia-romagna.it/id/ibc/condition/IT-MO0111_orari"
"Centro di Documentazione Arcigay “Il Cassero”","44,50286851013170","11,33516279921860","http://www.cassero.it/documentazione","http://dati.emilia-romagna.it/id/ibc/condition/IT-BO0567_orari"
"Biblioteca comunale """Bruno Cassinari"""","44,77592746958850","9,67237239730756","http://www.comune.gropparello.pc.it","http://dati.emilia-romagna.it/id/ibc/condition/IT-PC0072_orari"
"Biblioteca comunale """Don Carlo Zucchi"""","45,09062459665960","9,93142769712975","http://www.comune.monticelli.pc.it/pagina.asp?IDpag=94&idbox=30&idvocebox=134","http://dati.emilia-romagna.it/id/ibc/condition/IT-PC0019_orari"
"Multiplo - Centro Cultura Cavriago","44,69462243665080","10,53020774191970","https://www.facebook.com/MultiploCavriago","http://dati.emilia-romagna.it/id/ibc/condition/IT-RE0028_orari"
"Multiplo - Centro Cultura Cavriago","44,69462243665080","10,53020774191970","http://biblioteche.provincia.re.it/Sezione.jsp?idSezione=56","http://dati.emilia-romagna.it/id/ibc/condition/IT-RE0028_orari"
"Multiplo - Centro Cultura Cavriago","44,69462243665080","10,53020774191970","http://www.comune.cavriago.re.it/canali-tematici/multiplo/default.aspx","http://dati.emilia-romagna.it/id/ibc/condition/IT-RE0028_orari"
"Biblioteca comunale di Bibbiano """Milena Fiocchi"""","44,66329588066170","10,47331347869260",,"http://dati.emilia-romagna.it/id/ibc/condition/IT-RE0008_orari"
"Biblioteca """Jorge Luis Borges""" nel quartiere Porto","44,50244210564210","11,32827640792510","http://www.bibliotechebologna.it//luoghi/62013/id/51656","http://dati.emilia-romagna.it/id/ibc/condition/IT-BO0298_orari"
"Biblioteca comunale """Giovanna Righini Ricci"""","44,51284637371510","11,82905388720450","http://www.comune.conselice.ra.it/Citta-e-territorio/Cultura/Biblioteca-Giovanna-Righini-Ricci","http://dati.emilia-romagna.it/id/ibc/condition/IT-RA0012_orari"
"Biblioteca comunale","44,79201204893230","11,38418099776210","http://www.comune.santagostino.fe.it/canali-tematici/cultura-spettacolo-turismo/la-biblioteca-comunale","http://dati.emilia-romagna.it/id/ibc/condition/IT-FE0050_orari"
"Biblioteca comunale """Don Lorenzo Milani"""","44,00346725789480","12,43303305963490","http://www.comune.verucchio.rn.it/Index.aspx?idarg=52&type=noattach&cat=823","http://dati.emilia-romagna.it/id/ibc/condition/IT-RN0031_orari"
"Biblioteca provinciale dei Frati minori Cappuccini","44,48937639195950","11,32581349381060","http://www.anagrafebbcc.chiesacattolica.it/anagraficaCEIBib","http://dati.emilia-romagna.it/id/ibc/condition/IT-BO0342_orari"
"Biblioteca provinciale dei Frati minori Cappuccini","44,48937639195950","11,32581349381060","http://www.museocappuccini.it/bologna/home-biblioteca-bologna.html","http://dati.emilia-romagna.it/id/ibc/condition/IT-BO0342_orari"
"Biblioteca comunale","44,609727","10,087932",,"http://dati.emilia-romagna.it/id/ibc/condition/IT-PR0134_orari"
"Biblioteca comunale","44,9252822","9,91008819","http://bibliofiorenzuola.wordpress.com/","http://dati.emilia-romagna.it/id/ibc/condition/IT-PC0014_orari"
"Biblioteca comunale","44,9252822","9,91008819","http://www.comune.fiorenzuola.pc.it/citta/biblioteca.html","http://dati.emilia-romagna.it/id/ibc/condition/IT-PC0014_orari"
"Biblioteca comunale """Amos Tragni"""","44,80673633725800","10,47447604742090","http://biblioteche.provincia.re.it/gattatico","http://dati.emilia-romagna.it/id/ibc/condition/IT-RE0034_orari"
"Biblioteca comunale """Salvador Allende"""","44,87156419758310","10,80947622119880","http://biblioteche.provincia.re.it/fabbrico","http://dati.emilia-romagna.it/id/ibc/condition/IT-RE0033_orari"
"Biblioteca civica """Gianni Rodari"""","44,55239995794150","11,44692793703380","http://www.bibliotecheassociate.it/biblioteche-associate/granarolo-dellemilia/","http://dati.emilia-romagna.it/id/ibc/condition/IT-BO0532_orari"
"Biblioteca civica """Gianni Rodari"""","44,55239995794150","11,44692793703380","http://www.comune.granarolo-dellemilia.bo.it/default.asp?id=55&mnu=55","http://dati.emilia-romagna.it/id/ibc/condition/IT-BO0532_orari"
"Biblioteca comunale """Vilma Preti"""","44,71269297965990","10,22764642254540",,"http://dati.emilia-romagna.it/id/ibc/condition/IT-PR0100_orari"
"Biblioteca Centro culturale di Funo di Argelato","44,58952727777370","11,36701499852550","http://www.comune.argelato.bo.it/servizi/Menu/dinamica.aspx?idSezione=1009&idArea=1134&idCat=1154&ID=1205&TipoElemento=Categoria","http://dati.emilia-romagna.it/id/ibc/condition/IT-BO0002_orari"
"Biblioteca Centro culturale di Funo di Argelato","44,58952727777370","11,36701499852550","http://www.bibliotecheassociate.it/biblioteche-associate/funo/","http://dati.emilia-romagna.it/id/ibc/condition/IT-BO0002_orari"
"Biblioteca comunale decentrata """Marco Gerra""" di San Pellegrino","44,68310258059870","10,61662965726660","http://www.bibliotecapanizzi.it/biblioteche/panizzi.nsf/e9c715c6691a6e19c1256e1b00379b21/9840a140b561bb7fc1256e8400504d2e?OpenDocument","http://dati.emilia-romagna.it/id/ibc/condition/IT-RE0101_orari"
"Biblioteca comunale","43,945995","11,906992","http://www.comune.santa-sofia.fo.it/index.php?option=com_content&task=view&id=29&Itemid=92","http://dati.emilia-romagna.it/id/ibc/condition/IT-FC0064_orari"
"Biblioteca """Celso Omicini""" di Castiglione di Ravenna","44,26051483571060","12,25395629189690","http://www.classense.ra.it/main/index.php?id_pag=333","http://dati.emilia-romagna.it/id/ibc/condition/IT-RA0122_orari"
"Biblioteca del Museo Civico del Risorgimento","44,49302193107780","11,34425269465070","http://www.comune.bologna.it/museorisorgimento","http://dati.emilia-romagna.it/id/ibc/condition/IT-BO0311_orari"
"Biblioteca comunale","44,71385932312570","11,30676787799310","http://www.bibliotecheassociate.it/BiblioSchede/BA-pieve-fr.html","http://dati.emilia-romagna.it/id/ibc/condition/IT-BO0213_orari"
"Biblioteca comunale","44,71385932312570","11,30676787799310","http://www.comune.pievedicento.bo.it/a-proposito-di../cultura/istituti-culturali/biblioteca-comunale-1","http://dati.emilia-romagna.it/id/ibc/condition/IT-BO0213_orari"
"Biblioteca comunale """Paolo Guidotti"""","44,27920280031440","11,11204912718550","http://www.comune.vergato.bo.it/biblioteca.htm","http://dati.emilia-romagna.it/id/ibc/condition/IT-BO0227_orari"
"Centro di lettura comunale per l'infanzia 0-8 anni """L'albero dei libri"""","44,42223595556220","12,18092845486420","http://www.istruzioneinfanzia.ra.it","http://dati.emilia-romagna.it/id/ibc/condition/IT-RA0134_orari"
"Biblioteca """Corticella""" nel quartiere Navile","44,54607108566700","11,35979965155250","http://www.bibliotechebologna.it//luoghi/62013/id/51651","http://dati.emilia-romagna.it/id/ibc/condition/IT-BO0291_orari"
"Biblioteca comunale """Villa Braghieri"""","45,05891009583650","9,44038596243855",,"http://dati.emilia-romagna.it/id/ibc/condition/IT-PC0009_orari"
"Biblioteca comunale """Ludovico Antonio Muratori"""","44,69310849379290","12,18191821515560","http://195.62.166.245/comacchio/common/AmvSezione.do?MVPD=0&MVSZ=19","http://dati.emilia-romagna.it/id/ibc/condition/IT-FE0006_orari"
"Biblioteca comunale di Toscanella di Dozza","44,383162","11,638717","http://www.comune.dozza.bo.it/index.php?option=com_content&view=article&id=181&Itemid=136","http://dati.emilia-romagna.it/id/ibc/condition/IT-BO0190_orari"
"Biblioteca comunale","44,72641257852590","11,00040586479010",,"http://dati.emilia-romagna.it/id/ibc/condition/IT-MO0002_orari"
"Biblioteca comunale Manfrediana per ragazzi","44,28436021490470","11,88498836134530",,"http://dati.emilia-romagna.it/id/ibc/condition/IT-RA0055_orari"
"Biblioteca comunale """Attilio Bertolucci"""","44,36958569726400","10,13699955844780","http://www.comune.monchio-delle-corti.pr.it","http://dati.emilia-romagna.it/id/ibc/condition/IT-PR0232_orari"
"Biblioteca dell’Istituto dei ciechi “Francesco Cavazza”","44,48631272145750","11,34815719416110","http://www.cavazza.it","http://dati.emilia-romagna.it/id/ibc/condition/IT-BO0390_orari"
"Biblioteca comunale decentrata Santa Croce","44,70399466783500","10,64994386983350","http://www.bibliotecapanizzi.it/biblioteche/panizzi.nsf/e9c715c6691a6e19c1256e1b00379b21/b6ac4042b1bba6e0c1256e8400504fcc?OpenDocument","http://dati.emilia-romagna.it/id/ibc/condition/IT-RE0123_orari"
"Biblioteca """Casa di Khaoula"""","44,52005544729870","11,34761395321470","http://www.bibliotechebologna.it//luoghi/52056/id/51650","http://dati.emilia-romagna.it/id/ibc/condition/IT-BO0617_orari"
"Biblioteca comunale """Walter Bonassi"""","44,90473141657580","10,63120606000240","http://biblioteche.provincia.re.it/Sezione.jsp?idSezione=61","http://dati.emilia-romagna.it/id/ibc/condition/IT-RE0035_orari"
"Biblioteca comunale """Walter Bonassi"""","44,90473141657580","10,63120606000240","http://www.comune.gualtieri.re.it/index.php/la-biblioteca","http://dati.emilia-romagna.it/id/ibc/condition/IT-RE0035_orari"
"Biblioteca comunale","44,69591994960850","11,80774856719170","http://www.bibliotecaportomaggiore.com","http://dati.emilia-romagna.it/id/ibc/condition/IT-FE0149_orari"
"Biblioteca comunale","44,06130961311160","11,84299929090110",,"http://dati.emilia-romagna.it/id/ibc/condition/IT-FC0055_orari"
"Biblioteca comunale","44,66491356946690","11,13494353765460","http://www.bibliotecasantagata.it","http://dati.emilia-romagna.it/id/ibc/condition/IT-BO0224_orari"
"Biblioteca comunale """Mario Visani"""","44,27811761199550","11,59759448271730","http://www.comune.borgotossignano.bo.it/biblio.htm","http://dati.emilia-romagna.it/id/ibc/condition/IT-BO0174_orari"
"Biblioteca comunale","44,11835672871130","12,33861836354400","http://www.comune.gambettola.fc.it/ufficio/cultura_bibliotec/","http://dati.emilia-romagna.it/id/ibc/condition/IT-FC0028_orari"
"Biblioteca comunale """Mauro Zagnoni"""","44,47007578591870","11,10063966041160","http://www.comune.monteveglio.bo.it","http://dati.emilia-romagna.it/id/ibc/condition/IT-BO0248_orari"
"Videoteca - Biblioteca """Vigor"""","44,8385752","11,6219527","http://servizi.comune.fe.it/index.phtml?id=2270","http://dati.emilia-romagna.it/id/ibc/condition/IT-FE0112_orari"
"Biblioteca del Museo civico d'arte","44,65019572481570","10,92506325517710","http://www.comune.modena.it/museo-arte","http://dati.emilia-romagna.it/id/ibc/condition/IT-MO0210_orari"
"Biblioteca comunale","45,05020712926590","9,87176835080069","http://www.comune.caorso.pc.it/pagina.asp?IDpag=112&idbox=20&idvocebox=149","http://dati.emilia-romagna.it/id/ibc/condition/IT-PC0007_orari"
"Biblioteca comunale","43,89413581230450","12,29077001650330",,"http://dati.emilia-romagna.it/id/ibc/condition/IT-PU0141_orari"
"Biblioteca comunale","44,30832727513750","10,73062610834700","http://www.comune.lamamocogno.mo.it/canali_tematici/turismo/servizi_turistici.aspx","http://dati.emilia-romagna.it/id/ibc/condition/IT-MO0030_orari"
"Biblioteca comunale """Mons. Adolfo Lunardi"""","44,29608276012220","10,57273046070770","http://www.comune.frassinoro.mo.it/biblioteca.php?t_ti=id56","http://dati.emilia-romagna.it/id/ibc/condition/IT-MO0028_orari"
"Biblioteca comunale","44,27759552351570","11,72645797848150",,"http://dati.emilia-romagna.it/id/ibc/condition/IT-RA0041_orari"
"Biblioteca comunale","44,85368971442240","12,30070281350370","http://www.comune.goro.fe.it/cultura/biblioteca.htm","http://dati.emilia-romagna.it/id/ibc/condition/IT-FE0038_orari"
"Biblioteca del Servizio d'informazione e documentazione scientifica dell'Azienda speciale Farmacie Comunali Riunite","44,69162148906030","10,65993419767010","http://www.informazionisuifarmaci.it","http://dati.emilia-romagna.it/id/ibc/condition/IT-RE0083_orari"
"Biblioteca comunale """Luigi Varoli"""","44,38375708938550","11,94138875138680","http://www.comune.cotignola.ra.it/la_citta/biblioteca/","http://dati.emilia-romagna.it/id/ibc/condition/IT-RA0014_orari"
"Biblioteca per ragazzi della """Strega Teodora"""","44,63777695079030","10,94161387879320","http://www.comune.modena.it/biblioteche/teodora","http://dati.emilia-romagna.it/id/ibc/condition/IT-MO0189_orari"
"Biblioteca comunale """Sognalibro"""","44,58948257465420","10,73829593982600",,"http://dati.emilia-romagna.it/id/ibc/condition/IT-RE0021_orari"
"Biblioteca comunale """Bruno Pasini"""","44,8093601","12,0131082","http://195.62.166.245/fiscaglia/common/Main.do","http://dati.emilia-romagna.it/id/ibc/condition/IT-FE0044_orari"
"Casa della musica. Archivio storico del Teatro Regio - Sezione multimediale","44,80500067016180","10,33293079672670","http://www.lacasadellamusica.it","http://dati.emilia-romagna.it/id/ibc/condition/IT-PR0211_orari"
"Biblioteca comunale","44,84236121927360","10,76025578426700","http://biblioteche.provincia.re.it/campagnola","http://dati.emilia-romagna.it/id/ibc/condition/IT-RE0016_orari"
"Biblioteca """Armando Gentilucci"""","44,69894821209870","10,63714314437440","http://www.municipio.re.it/peri_biblioteca","http://dati.emilia-romagna.it/id/ibc/condition/IT-RE0088_orari"
"Biblioteca """Armando Gentilucci"""","44,69894821209870","10,63714314437440","http://www.municipio.re.it/peri_biblioteca/paginenuove/regolamento.html","http://dati.emilia-romagna.it/id/ibc/condition/IT-RE0088_orari"
"Biblioteca comunale","44,42146948862410","10,79281860014000","http://www.comune.serramazzoni.mo.it/","http://dati.emilia-romagna.it/id/ibc/condition/IT-MO0123_orari"
"Biblioteca Integrata """Don Francesco Milani"""","44,456637","10,515782","http://biblioteche.provincia.re.it/Sezione.jsp?idSezione=50","http://dati.emilia-romagna.it/id/ibc/condition/IT-RE0120_orari"
"Biblioteca comunale","44,44071080947160","11,06533268821370","http://www.comune.castellodiserravalle.bo.it/index.php?option=com_content&view=category&layout=blog&id=135&Itemid=396","http://dati.emilia-romagna.it/id/ibc/condition/IT-BO0184_orari"
"Biblioteca delle Arti","44,70043588229410","10,62907075187380","http://www.musei.re.it/Museo/museire.nsf/Pagine/CA300E0F27835895C1256EB7004D0660?OpenDocument","http://dati.emilia-romagna.it/id/ibc/condition/IT-RE0087_orari"
"Mediateca intercomunale di Bazzano","44,50324174472330","11,08350531500930","http://www.roccadeibentivoglio.it/index.php/mediateca-intercomunale","http://dati.emilia-romagna.it/id/ibc/condition/IT-BO0589_orari"
"Sala di lettura di Mezzolara","44,58870498223120","11,56506277434140","http://www.comune.budrio.bo.it","http://dati.emilia-romagna.it/id/ibc/condition/IT-BO0253_orari"
"Biblioteca Casa delle Donne","44,42068244429780","12,19005276690110","https://casadelledonneravenna.wordpress.com/","http://dati.emilia-romagna.it/id/ibc/condition/IT-RA0095_orari"
"Biblioteca del Museo Civico di Storia Naturale","44,83823061593940","11,62241771438510","http://storianaturale.comune.fe.it/index.phtml?id=134","http://dati.emilia-romagna.it/id/ibc/condition/IT-FE0130_orari"
"Biblioteca Comunale """Gilberto Martinelli"""","44,15209801811140","10,97943044481330","http://www.comune.porrettaterme.bo.it/html/biblioteca.htm","http://dati.emilia-romagna.it/id/ibc/condition/IT-BO0216_orari"
"Biblioteca comunale","44,88480773598720","11,97760049097590","http://www.comune.jolandadisavoia.fe.it","http://dati.emilia-romagna.it/id/ibc/condition/IT-FE0039_orari"
"Biblioteca del Museo civico archeologico etnologico","44,65019572481570","10,92506325517710","http://www.comune.modena.it/museo-archeologico","http://dati.emilia-romagna.it/id/ibc/condition/IT-MO0211_orari"
"Biblioteca della Provincia di Modena","44,64179861378290","10,92600848754690",,"http://dati.emilia-romagna.it/id/ibc/condition/IT-MO0207_orari"
"Biblioteca """Giuseppe Guglielmi""" dell'Istituto per i Beni Artistici, Culturali e Naturali della Regione Emilia-Romagna","44,49680494981250","11,34712699743760","http://ibc.regione.emilia-romagna.it/istituto/chi-siamo/biblioteca-guglielmi","http://dati.emilia-romagna.it/id/ibc/condition/IT-BO0268_orari"
"Biblioteca del Centro di documentazione """Casa delle Culture"""","44,41856203034030","12,22282028260380","http://casadelleculture.comune.ra.it/","http://dati.emilia-romagna.it/id/ibc/condition/IT-RA0142_orari"
"Biblioteca Internazionale """Ilaria Alpi"""","44,80461921827010","10,32974581511280","http://www.biblioteche.comune.parma.it/portal/page?_pageid=193,334438&_dad=portal&_schema=PORTAL&C_ITEM=581315&p_data=15-02-2010&p_area=BIBLIOTECHE","http://dati.emilia-romagna.it/id/ibc/condition/IT-PR0234_orari"
"Biblioteca comunale """Augusto Simonini"""","44,50266922104610","10,94339053967980",,"http://dati.emilia-romagna.it/id/ibc/condition/IT-MO0017_orari"
"Biblioteca comunale """Giovanni Pascoli"""","44,10860162650950","12,41781581111570",,"http://dati.emilia-romagna.it/id/ibc/condition/IT-FC0061_orari"
"Biblioteca comunale """Cesare Pavese"""","44,69159677957410","10,24968594657630","http://www.comune.felino.pr.it","http://dati.emilia-romagna.it/id/ibc/condition/IT-PR0009_orari"
"Biblioteca comunale","44,82490057899320","9,83237063926896",,"http://dati.emilia-romagna.it/id/ibc/condition/IT-PC0018_orari"
"Biblioteca medico-scientifica dell'Azienda USL","44,35788502000850","11,68896216516920","http://www.ausl.imola.bo.it/flex/cm/pages/ServeBLOB.php/L/IT/IDPagina/339","http://dati.emilia-romagna.it/id/ibc/condition/IT-BO0535_orari"
"Biblioteca comunale """Adolfo Ferrari"""","44,20872026086600","10,61795364840510","http://www.comune.pievepelago.mo.it","http://dati.emilia-romagna.it/id/ibc/condition/IT-MO0105_orari"
"Biblioteca dell'Accademia Nazionale di Scienze, Lettere e Arti","44,65108746671760","10,93089386848700","http://www.accademiasla-mo.it/page/biblioteca.htm","http://dati.emilia-romagna.it/id/ibc/condition/IT-MO0052_orari"
"Biblioteca dell'Ufficio Istituti Culturali della Provincia di Bologna","44,49658079653200","11,33497761259710",,"http://dati.emilia-romagna.it/id/ibc/condition/IT-BO0609_orari"
"Biblioteca comunale """Monica Porcari"""","45,01907809125530","10,08775529699230",,"http://dati.emilia-romagna.it/id/ibc/condition/IT-PR0239_orari"
"Biblioteca comunale """Giuseppe Tasini"""","43,93539542184120","12,65938517778440",,"http://dati.emilia-romagna.it/id/ibc/condition/IT-RN0016_orari"
"Biblioteca comunale """Plebino Battanini""" - Sezione """Domenica Ancarani-Tronconi"""","44,17883114433980","11,95285039529760",,"http://dati.emilia-romagna.it/id/ibc/condition/IT-FC0097_orari"
"Biblioteca """Casa Moretti"""","44,19927844390310","12,39505396420490","http://www.casamoretti.it","http://dati.emilia-romagna.it/id/ibc/condition/IT-FC0119_orari"
"Biblioteca Borgo Panigale","44,52295986379560","11,26543339307400","http://www.comune.bologna.it/quartiereborgopanigale/uffici/biblioteche.php","http://dati.emilia-romagna.it/id/ibc/condition/IT-BO0290_orari"
"Biblioteca del Museo della civiltà contadina di San Marino di Bentivoglio","44,60353129989990","11,41726406286200","http://www.museociviltacontadina.provincia.bologna.it","http://dati.emilia-romagna.it/id/ibc/condition/IT-BO0228_orari"
"Biblioteca comunale","44,88007023152760","10,17228436903420",,"http://dati.emilia-romagna.it/id/ibc/condition/IT-PR0015_orari"
"Biblioteca decentrata """Crocetta"""","44,62985249555750","10,91751618941500","http://www.comune.modena.it/biblioteche/crocetta","http://dati.emilia-romagna.it/id/ibc/condition/IT-MO0146_orari"
"Biblioteca di Ponticelli","44,32020492128850","11,65222302894280","http://www.bim.comune.imola.bo.it/documenti/8593","http://dati.emilia-romagna.it/id/ibc/condition/IT-BO0245_orari"
"Biblioteca comunale di San Nicolò a Trebbia","45,0537177","9,60822669",,"http://dati.emilia-romagna.it/id/ibc/condition/IT-PC0041_orari"
"Biblioteca comunale """Antonio Baldini"""","44,06305802496630","12,44718189800540","http://www.biblioteca.comune.santarcangelo.rn.it","http://dati.emilia-romagna.it/id/ibc/condition/IT-RN0028_orari"
"Biblioteca comunale","44,37320851175200","12,03626878294590","http://www.comune.russi.ra.it/citta/biblioteca/pagina1.html","http://dati.emilia-romagna.it/id/ibc/condition/IT-RA0042_orari"
"Biblioteca dell'Accademia di Belle Arti","44,42620777738100","12,21373008539320",,"http://dati.emilia-romagna.it/id/ibc/condition/IT-RA0051_orari"
"Biblioteca comunale","44,54352518757590","10,61911461503830","http://biblioteche.provincia.re.it/viano","http://dati.emilia-romagna.it/id/ibc/condition/IT-RE0075_orari"
"Biblioteca comunale """Leonardo Tocchio"""","44,82291836273430","11,46079083403110","http://www.comune.mirabello.fe.it/----_64c20.html","http://dati.emilia-romagna.it/id/ibc/condition/IT-FE0175_orari"
"Mediateca","44,47247433733920","11,41270846185410","http://www.mediatecadisanlazzaro.it/","http://dati.emilia-romagna.it/id/ibc/condition/IT-BO0256_orari"
"Biblioteca comunale","44,64219258848050","11,34888596631540","http://www.bibliotecheassociate.it/BiblioSchede/BA-argelato-fr.html","http://dati.emilia-romagna.it/id/ibc/condition/IT-BO0560_orari"
"Biblioteca comunale","44,64219258848050","11,34888596631540","http://www.comune.argelato.bo.it/servizi/menu/dinamica.aspx?idCat=1154&ID=1154&TipoElemento=categoria","http://dati.emilia-romagna.it/id/ibc/condition/IT-BO0560_orari"
"Biblioteca comunale","44,39856057486960","11,58821673780390","http://www.cspietro.it/index.php?q=infocraft/testo_libero/177&m=65","http://dati.emilia-romagna.it/id/ibc/condition/IT-BO0241_orari"
"Biblioteca Sala Borsa Ragazzi","44,49463908914300","11,34239203639910","http://www.bibliotecasalaborsa.it/ragazzi","http://dati.emilia-romagna.it/id/ibc/condition/IT-BO0579_orari"
"Biblioteca comunale","44,89565709593630","11,82741932219760","http://www.bibliotecacomunaledicopparo.it","http://dati.emilia-romagna.it/id/ibc/condition/IT-FE0007_orari"
"Biblioteca di agricoltura """Antonio Bizzozero"""","44,80436891953420","10,31794186792580","http://biblioteche.comune.parma.it","http://dati.emilia-romagna.it/id/ibc/condition/IT-PR0127_orari"
"Biblioteca Civica","44,73244458542230","10,78466759982550","http://biblioteche.provincia.re.it/Sezione.jsp?idSezione=74","http://dati.emilia-romagna.it/id/ibc/condition/IT-RE0066_orari"
"Biblioteca comunale","44,43185445999740","11,67867330035070","http://www.comune.castelguelfo.bo.it/default.asp?pag=biblioteca%5Chome","http://dati.emilia-romagna.it/id/ibc/condition/IT-BO0181_orari"
"Biblioteca comunale """Gianni Rodari"""","44,82517672593740","11,60017233180560","http://archibiblio.comune.fe.it/301/biblioteca-comunale-quotg-rodariquot","http://dati.emilia-romagna.it/id/ibc/condition/IT-FE0144_orari"
"Biblioteca """Giuseppe Dossetti"""","44,49415225773140","11,35566107179050","http://biblioteca.fscire.it/","http://dati.emilia-romagna.it/id/ibc/condition/IT-BO0397_orari"
"Biblioteca del Quartiere Valle Savio - San Carlo","44,08900573433340","12,19252271003600","http://www.vallesavio.it/biblioteca/","http://dati.emilia-romagna.it/id/ibc/condition/IT-FC0130_orari"
"Biblioteca """Orlando Pezzoli""" nel quartiere Reno","44,50204756997870","11,29690043479890",,"http://dati.emilia-romagna.it/id/ibc/condition/IT-BO0537_orari"
"Biblioteca comunale Manfrediana","44,28442682789050","11,88504625677230","http://manfrediana2.racine.ra.it","http://dati.emilia-romagna.it/id/ibc/condition/IT-RA0016_orari"
"Biblioteca comunale """Il Torrioncello"""","44,38921386084900","11,82593401346570","http://www.comune.bagnaradiromagna.ra.it/Citta-e-territorio/Cultura/Biblioteca-comunale","http://dati.emilia-romagna.it/id/ibc/condition/IT-RA0059_orari"
"Biblioteca comunale """Cesare Pavese"""","44,79229290295800","10,35821129100360","http://biblioteche.comune.parma.it","http://dati.emilia-romagna.it/id/ibc/condition/IT-PR0128_orari"
"Biblioteca comunale """Osvaldo Berni"""","43,99448623548450","12,65242046234670","http://www.comune.riccione.rn.it/Engine/RAServePG.php/P/31151RIC0404","http://dati.emilia-romagna.it/id/ibc/condition/IT-RN0027_orari"
"Biblioteca di Sasso Morelli","44,41880601896650","11,73715878259750","http://www.bim.comune.imola.bo.it/documenti/8594","http://dati.emilia-romagna.it/id/ibc/condition/IT-BO0243_orari"
"Biblioteca comunale","43,93903424084730","12,71393773035750","http://www.comune.san-giovanni-in-marignano.rn.it/index.php?IDC=99","http://dati.emilia-romagna.it/id/ibc/condition/IT-RN0023_orari"
"Biblioteca della Sezione provinciale dell'Agenzia Regionale Prevenzione e Ambiente di Forlì-Cesena","44,21972870287740","12,03329630318030",,"http://dati.emilia-romagna.it/id/ibc/condition/IT-FC0135_orari"
"Biblioteca civica """Antonio Delfini"""","44,64723663569850","10,93076604357530","http://www.comune.modena.it/biblioteche/delfini","http://dati.emilia-romagna.it/id/ibc/condition/IT-MO0135_orari"
"Biblioteca comunale per ragazzi """Paul Percy Harris"""","44,21408799907370","12,04667117491150",,"http://dati.emilia-romagna.it/id/ibc/condition/IT-FC0114_orari"
"Biblioteca comunale","44,71518335209570","11,15047582132360","http://www.comune.crevalcore.bo.it/Main/Main.asp?doc=04122","http://dati.emilia-romagna.it/id/ibc/condition/IT-BO0188_orari"
"Biblioteca comunale """Pablo Neruda"""","44,60119652762320","10,54773610979720","http://biblioteche.provincia.re.it/Sezione.jsp?idSezione=80","http://dati.emilia-romagna.it/id/ibc/condition/IT-RE0074_orari"
"Biblioteca civica d'arte """Luigi Poletti"""","44,64803270004370","10,92040147916350","http://www.comune.modena.it/biblioteche","http://dati.emilia-romagna.it/id/ibc/condition/IT-MO0059_orari"
"Biblioteca civica d'arte """Luigi Poletti"""","44,64803270004370","10,92040147916350","http://www.comune.modena.it/biblioteche/poletti/index.htm","http://dati.emilia-romagna.it/id/ibc/condition/IT-MO0059_orari"
"Biblioteca comunale decentrata di Piangipane","44,46156700289670","12,08548814697400","http://www.classense.ra.it/main/index.php?id_pag=323","http://dati.emilia-romagna.it/id/ibc/condition/IT-RA0054_orari"
"Biblioteca comunale","44,99959700402250","9,78888277615413",,"http://dati.emilia-romagna.it/id/ibc/condition/IT-PC0038_orari"
"Biblioteca comunale """Fulvio Provasi""" di Mezzano Inferiore","44,91320665994210","10,45787383507880",,"http://dati.emilia-romagna.it/id/ibc/condition/IT-PR0165_orari"
"Biblioteca del Centro RiESco (Centro Documentazione e Intercultura)","44,49237771711080","11,33386752763770","http://www.comune.bologna.it/cdlei","http://dati.emilia-romagna.it/id/ibc/condition/IT-BO0571_orari"
"Biblioteca comunale","44,59542505628770","11,05489806891750","http://www.comune.castelfranco-emilia.mo.it/servizi/menu/dinamica.aspx?idArea=17077&idCat=17084&ID=17084&TipoElemento=categoria","http://dati.emilia-romagna.it/id/ibc/condition/IT-MO0014_orari"
"Biblioteca comunale """Dino Tebaldi""" San Giorgio","44,82167937116070","11,62860509230320","http://archibiblio.comune.fe.it/303/biblioteca-comunale-dino-tebaldi-san-giorgio","http://dati.emilia-romagna.it/id/ibc/condition/IT-FE0143_orari"
"Biblioteca delle Gallerie d'Arte Moderna e Contemporanea","44,84206626969390","11,62495673919200","http://www.artecultura.fe.it/index.phtml?id=340","http://dati.emilia-romagna.it/id/ibc/condition/IT-FE0099_orari"
"Biblioteca comunale","44,38872689758050","11,07363952155230","http://www.comune.savigno.bo.it/index.php?option=com_content&view=category&id=135%3Abiblioteca&Itemid=53","http://dati.emilia-romagna.it/id/ibc/condition/IT-BO0226_orari"
"Biblioteca comunale """Ercole Del Rio"""","44,42775920640650","10,95565851791100","http://www.comune.guiglia.mo.it","http://dati.emilia-romagna.it/id/ibc/condition/IT-MO0029_orari"
"Biblioteca comunale","44,72466294561080","11,10073119103040","http://www.comune.ravarino.mo.it/biblioteca_comunale/","http://dati.emilia-romagna.it/id/ibc/condition/IT-MO0110_orari"
"Biblioteca comunale """Mario Mariani"""","44,35936249631130","11,84431053987790","http://www.comune.solarolo.ra.it/La-Citta/Biblioteca","http://dati.emilia-romagna.it/id/ibc/condition/IT-RA0044_orari"
"Biblioteca comunale """Cesare Pavese"""","44,47231689074110","11,27225662064420","http://www.comune.casalecchio.bo.it/servizi/Menu/dinamica.aspx?idArea=13908&idCat=13914&ID=13920&TipoElemento=Categoria","http://dati.emilia-romagna.it/id/ibc/condition/IT-BO0239_orari"
"Centro di lettura """Ledino Casadei"""","43,90444933835000","12,58304677921710","http://www.comune.gemmano.rn.it/web/?s=museo+naturalistico&search=Cerca","http://dati.emilia-romagna.it/id/ibc/condition/IT-RN0041_orari"
"Biblioteca comunale """Antonio Panizzi"""","44,90073472511610","10,51429420613200","http://biblioteche.provincia.re.it/brescello","http://dati.emilia-romagna.it/id/ibc/condition/IT-RE0012_orari"
"Biblioteca civica Gambalunga - Cineteca comunale","44,06148656453840","12,56763035706570","http://www.bibliotecagambalunga.it/cineteca/","http://dati.emilia-romagna.it/id/ibc/condition/IT-RN0024_orari"
"Biblioteca civica Gambalunga","44,06148656453840","12,56763035706570","http://www.bibliotecagambalunga.it","http://dati.emilia-romagna.it/id/ibc/condition/IT-RN0013_orari"
"Biblioteca provinciale dei Frati minori Cappuccini","44,70213013173910","10,63361493873180","http://www.anagrafebbcc.chiesacattolica.it/anagraficaCEIBib","http://dati.emilia-romagna.it/id/ibc/condition/IT-RE0051_orari"
"Biblioteca comunale """Alfredo Panzini"""","44,14671833129750","12,45999060401400",,"http://dati.emilia-romagna.it/id/ibc/condition/IT-RN0020_orari"
"Biblioteca civica """Antonio Urceo Codro"""","44,65302677543130","10,78438244414870","http://biblioteche.provincia.re.it/rubiera","http://dati.emilia-romagna.it/id/ibc/condition/IT-RE0063_orari"
"Biblioteca comunale """Palazzo Vendemini"""","44,09260397113020","12,39647434039040","http://www.comune.savignano-sul-rubicone.fo.it/servizi/menu/dinamica.aspx?ID=700","http://dati.emilia-romagna.it/id/ibc/condition/IT-FC0136_orari"
"Biblioteca per ragazzi """Magica"""","44,18522024331090","12,03496880004210",,"http://dati.emilia-romagna.it/id/ibc/condition/IT-FC0118_orari"
"Biblioteca comunale """Clemente Mezzini"""","44,19476717227550","11,28466139446630","http://www.comune.monghidoro.bo.it/biblioteca.htm","http://dati.emilia-romagna.it/id/ibc/condition/IT-BO0530_orari"
"Biblioteca dell'Istituto Musicale Pareggiato """Giovanni Lettimi"""","44,05910665995070","12,56518792035860","http://www.istitutolettimi.it","http://dati.emilia-romagna.it/id/ibc/condition/IT-RN0037_orari"
"Biblioteca del Mulino","44,49203547747340","11,35109268145240","http://www.mulino.it/biblioteca/emero.htm","http://dati.emilia-romagna.it/id/ibc/condition/IT-BO0388_orari"
"Biblioteca comunale """Campi - Costa Giani"""","44,83709159900270","11,14039108175780","http://biblioteca.comunesanfelice.net/","http://dati.emilia-romagna.it/id/ibc/condition/IT-MO0115_orari"
"Biblioteca comunale","44,92764538396320","10,12566699995440","http://www.comune.soragna.pr.it/page.asp?IDCategoria=2817&IDSezione=13156&IDOggetto=&Tipo=SERVIZIO","http://dati.emilia-romagna.it/id/ibc/condition/IT-PR0104_orari"
"Biblioteca comunale """Tito Maccio Plauto"""","43,91859223303140","12,14173709075800","http://www.comune.sarsina.fc.it/servizi/numeriutili.htm#biblioteche","http://dati.emilia-romagna.it/id/ibc/condition/IT-FC0066_orari"
"Biblioteca comunale","44,16275540584200","10,89275804462380",,"http://dati.emilia-romagna.it/id/ibc/condition/IT-BO0529_orari"
"Biblioteca """Natalia Ginzburg""" nel quartiere Savena","44,47408851709620","11,39181983771180","http://informa.comune.bologna.it/iperbole/istituzionebiblioteche/luoghi/62013/id/51653/","http://dati.emilia-romagna.it/id/ibc/condition/IT-BO0297_orari"
"Biblioteca comunale """Meuccio Ruini"""","44,62629278668980","10,42089414804320","http://biblioteche.provincia.re.it/Sezione.jsp?idSezione=75","http://dati.emilia-romagna.it/id/ibc/condition/IT-RE0068_orari"
"Biblioteca comunale","44,68624346257650","10,83144126666180","http://www.comune.campogalliano.mo.it/default/Il_Comune/Biblioteca/","http://dati.emilia-romagna.it/id/ibc/condition/IT-MO0008_orari"
"Biblioteca """Paolo Toschi""" del Museo degli Usi e Costumi della Gente di Romagna","44,068498","12,447352","http://www.metweb.org/servizi_biblioteca.htm","http://dati.emilia-romagna.it/id/ibc/condition/IT-RN0040_orari"
"Biblioteca comunale","44,95461242552460","9,73797745392536",,"http://dati.emilia-romagna.it/id/ibc/condition/IT-PC0042_orari"
"Biblioteca comunale """Giovanni Bavagnoli"""","44,94747771065680","9,40596849975651",,"http://dati.emilia-romagna.it/id/ibc/condition/IT-PC0059_orari"
"Biblioteca comunale """Riccardo Bacchelli"""","44,94678563576470","11,76137016166750","http://www.comune.ro.fe.it/biblioteca.php","http://dati.emilia-romagna.it/id/ibc/condition/IT-FE0101_orari"
"Biblioteca comunale","44,63893719859250","10,38239345445540","http://www.comune.traversetolo.pr.it/page.asp?IDCategoria=3119&IDSezione=20253","http://dati.emilia-romagna.it/id/ibc/condition/IT-PR0105_orari"
"Biblioteca del Centro provinciale di documentazione","44,64179861378290","10,92600848754690","http://www.cedoc.mo.it/","http://dati.emilia-romagna.it/id/ibc/condition/IT-MO0206_orari"
"Biblioteca comunale """Pino Orioli"""","44,50639746134330","12,03911694195330","http://www.comune.alfonsine.ra.it/Citta-e-territorio/Biblioteca-P.Orioli/","http://dati.emilia-romagna.it/id/ibc/condition/IT-RA0001_orari"
"Biblioteca comunale """Gaetano Salvemini"""","44,59690855756090","10,68540355550650","http://biblioteche.provincia.re.it/scandiano","http://dati.emilia-romagna.it/id/ibc/condition/IT-RE0072_orari"
"Biblioteca comunale """Luigi Dal Pane"""","44,3212615","11,7954257","http://www.comune.castelbolognese.ra.it/cultura/","http://dati.emilia-romagna.it/id/ibc/condition/IT-RA0006_orari"
"Biblioteca del Centro provinciale di Documentazione Biblioteche","45,05257040132670","9,69036994091436",,"http://dati.emilia-romagna.it/id/ibc/condition/IT-PC0075_orari"
"Biblioteca comunale """M. Teresa Maestri Del Boca"""","44,96093026455360","9,54895859199940",,"http://dati.emilia-romagna.it/id/ibc/condition/IT-PC0065_orari"
"Biblioteca di Casa Carducci","44,48817406189680","11,35721839486660","http://www.casacarducci.it","http://dati.emilia-romagna.it/id/ibc/condition/IT-BO0283_orari"
"Biblioteca comunale """Agostino Venanzio Reali"""","44,00431389263450","12,29980740001940","http://www.comune.sogliano.fc.it/ilpaese/Attivita/Biblioteca/Biblioteca.htm","http://dati.emilia-romagna.it/id/ibc/condition/IT-FC0068_orari"
"Biblioteca comunale """Glauco Lombardi"""","44,93021230039630","10,37593607196450","http://www.comune.colorno.pr.it/page.asp?IDCategoria=2853","http://dati.emilia-romagna.it/id/ibc/condition/IT-PR0156_orari"
"Biblioteca comunale """Daniela Mazza"""","44,64193009596250","10,29754550444270","http://www.comune.lesignano-debagni.pr.it","http://dati.emilia-romagna.it/id/ibc/condition/IT-PR0019_orari"
"Biblioteca comunale """Palazzo Rosso"""","44,63445146093380","11,42056500132820","http://www.bibliotecheassociate.it/BiblioSchede/BA-bentivoglio-fr.html","http://dati.emilia-romagna.it/id/ibc/condition/IT-BO0006_orari"
"Biblioteca comunale """Palazzo Rosso"""","44,63445146093380","11,42056500132820","http://www.comune.bentivoglio.bo.it/servizi/menu/dinamica.aspx?ID=2136","http://dati.emilia-romagna.it/id/ibc/condition/IT-BO0006_orari"
"Biblioteca comunale """Mario Marri"""","44,27801413745210","11,27122429801950","http://www.comune.monzuno.bologna.it/news/read.asp?newsID=734","http://dati.emilia-romagna.it/id/ibc/condition/IT-BO0210_orari"
"Biblioteca comunale","45,01210395709450","9,56901347352857",,"http://dati.emilia-romagna.it/id/ibc/condition/IT-PC0017_orari"
"Biblioteca comunale","44,78156457541560","10,53423766969510","http://biblioteche.provincia.re.it","http://dati.emilia-romagna.it/id/ibc/condition/IT-RE0017_orari"
"Biblioteca comunale """Sincero Bresciani"""","44,51021714293170","10,50065740014390","http://biblioteche.provincia.re.it/casina","http://dati.emilia-romagna.it/id/ibc/condition/IT-RE0081_orari"
"Biblioteca comunale","45,01786580244290","9,44644731485715","http://www.comune.borgonovo.pc.it/pagina.asp?IDpag=237&idbox=30&idvocebox=296","http://dati.emilia-romagna.it/id/ibc/condition/IT-PC0005_orari"
"Biblioteca comunale decentrata """Manara Valgimigli""" di Santo Stefano","44,31551573324970","12,18615377262000","http://www.classense.ra.it/main/index.php?id_pag=334","http://dati.emilia-romagna.it/id/ibc/condition/IT-RA0071_orari"
"Biblioteca comunale","44,71922760679530","11,53198386901760","http://www.comune.malalbergo.bo.it/vivere/biblioteca.aspx?ID=4","http://dati.emilia-romagna.it/id/ibc/condition/IT-BO0205_orari"
"Biblioteca comunale","44,71922760679530","11,53198386901760","http://www.bibliotecheassociate.it/BiblioSchede/BA-malalbergo-fr.html","http://dati.emilia-romagna.it/id/ibc/condition/IT-BO0205_orari"
"Biblioteca dei Musei comunali","44,06355702818260","12,56648568249420",,"http://dati.emilia-romagna.it/id/ibc/condition/IT-RN0036_orari"
"Biblioteca comunale","44,81830006840390","11,89227753441310","http://www.comune.tresigallo.fe.it/html/biblioteca.html","http://dati.emilia-romagna.it/id/ibc/condition/IT-FE0051_orari"
"Centro di Lettura """Pietro Agnelli"""","44,85964876788220","9,54267248607971","http://www.comune.travo.pc.it","http://dati.emilia-romagna.it/id/ibc/condition/IT-PC0078_orari"
"Biblioteca per ragazzi - Centro di lettura per l'infanzia """Casa Vignuzzi"""","44,40345405101300","12,19641737138080","http://www.classense.ra.it/main/index.php?id_pag=48","http://dati.emilia-romagna.it/id/ibc/condition/IT-RA0068_orari"
"Biblioteca civica Gambalunga - Sezione Ragazzi","44,06148656453840","12,56763035706570","http://www.bibliotecagambalunga.it/servizi/pagina12.html","http://dati.emilia-romagna.it/id/ibc/condition/IT-RN0046_orari"
"Biblioteca comunale","44,083445","12,30432",,"http://dati.emilia-romagna.it/id/ibc/condition/IT-FC0044_orari"
"Biblioteca del Museo Civico Archeologico","44,49302193107780","11,34425269465070","http://www.comune.bologna.it/museoarcheologico","http://dati.emilia-romagna.it/id/ibc/condition/IT-BO0309_orari"
"Biblioteca dell'Associazione """Istituto di Storia contemporanea"""","44,83796353243430","11,62781468601070","http://www.isco-ferrara.com/","http://dati.emilia-romagna.it/id/ibc/condition/IT-FE0056_orari"
"Biblioteca comunale """Alessandra Lori""" di Montale","44,57169694292800","10,91050277938530","http://www.comune.castelnuovo-rangone.mo.it","http://dati.emilia-romagna.it/id/ibc/condition/IT-MO0213_orari"
"Biblioteca comunale","44,63180082694990","9,73124609024693","http://www.comune.bardi.pr.it","http://dati.emilia-romagna.it/id/ibc/condition/IT-PR0001_orari"
"Biblioteca comunale decentrata """Olindo Guerrini""" di Sant'Alberto","44,54206245602130","12,15718934982960","http://www.classense.ra.it/main/index.php?id_pag=324","http://dati.emilia-romagna.it/id/ibc/condition/IT-RA0039_orari"
"Biblioteca """Maestro Antonio Alberti"""","44,23337382381020","12,00764024967810",,"http://dati.emilia-romagna.it/id/ibc/condition/IT-FC0117_orari"
"Biblioteca medico-scientifica dell'Ospedale Infermi","44,04288613971600","12,58973798246910","https://tinfodoc.auslrn.net","http://dati.emilia-romagna.it/id/ibc/condition/IT-RN0032_orari"
"Biblioteca comunale """Giuseppe Pittàno"""","44,22325059441070","11,62393714514110","http://www.comune.casolavalsenio.ra.it","http://dati.emilia-romagna.it/id/ibc/condition/IT-RA0005_orari"
"Biblioteca """Paolo Monelli"""","44,54160951249420","10,81354880408640",,"http://dati.emilia-romagna.it/id/ibc/condition/IT-MO0130_orari"
"Biblioteca dei Ragazzi","44,09260397113020","12,39647434039040","http://www.comune.savignano-sul-rubicone.fc.it/servizi/Procedimenti/ricerca_fase03.aspx?id=1568","http://dati.emilia-romagna.it/id/ibc/condition/IT-FC0152_orari"
"Biblioteca del Multicentro Educativo Modena - M.e.mo """Sergio Neri"""","44,64625912251550","10,91666080124560","http://www.comune.modena.it/memo","http://dati.emilia-romagna.it/id/ibc/condition/IT-MO0219_orari"
"Biblioteca comunale """Giovannino Guareschi"""","44,92157685994050","10,23050041249380","http://www.informagiovanisansecondo.it","http://dati.emilia-romagna.it/id/ibc/condition/IT-PR0162_orari"
"Biblioteca comunale","45,02329276733120","10,03203927339830","http://www.comune.villanova.pc.it","http://dati.emilia-romagna.it/id/ibc/condition/IT-PC0046_orari"
"Biblioteca comunale """Passerini-Landi""" - Sede decentrata Farnesiana","45,03736374479570","9,71455684216617","http://passerinilandi.biblioteche.piacenza.it/pagine/pag161.aspx","http://dati.emilia-romagna.it/id/ibc/condition/IT-PC0068_orari"
"Biblioteca - Centro di documentazione Azienda USL di Modena","44,64060431256860","10,92583025793000","http://www.ausl.mo.it/flex/cm/pages/ServeBLOB.php/L/IT/IDPagina/8334","http://dati.emilia-romagna.it/id/ibc/condition/IT-MO0209_orari"
"Biblioteca comunale","44,56085606302810","11,03511858785560",,"http://dati.emilia-romagna.it/id/ibc/condition/IT-MO0113_orari"
"Biblioteca storica del Civico Museo """Monsignor Domenico Mambrini"""","43,98666884552220","11,90525159293500","http://www.comune.galeata.fc.it","http://dati.emilia-romagna.it/id/ibc/condition/IT-FC0109_orari"
"Biblioteca dell'Ospedale civile """Sala Colonne"""","45,05447356962860","9,68300000605450","http://www.ausl.pc.it","http://dati.emilia-romagna.it/id/ibc/condition/IT-PC0025_orari"
"Biblioteca comunale","43,98013487034660","12,68942672484380","http://www.misano.org/?IDC=132","http://dati.emilia-romagna.it/id/ibc/condition/IT-RN0005_orari"
"Biblioteca comunale","44,29812712406920","11,61896366850030",,"http://dati.emilia-romagna.it/id/ibc/condition/IT-BO0178_orari"
"Biblioteca comunale","44,8875386","10,856679","http://www.comune.rolo.re.it","http://dati.emilia-romagna.it/id/ibc/condition/IT-RE0060_orari"
"Biblioteca comunale","44,84695699960720","10,44603068071930",,"http://dati.emilia-romagna.it/id/ibc/condition/IT-PR0161_orari"
"Biblioteca del Settore educazione e formazione","44,06327995388210","12,56519974674830",,"http://dati.emilia-romagna.it/id/ibc/condition/IT-RN0033_orari"
"Biblioteca comunale """Giulio Einaudi"""","44,77038463384940","10,78011262147080","http://www.comune.correggio.re.it/servizi/menu/dinamica.aspx?idArea=1958&idCat=1980&ID=2092","http://dati.emilia-romagna.it/id/ibc/condition/IT-RE0031_orari"
"Biblioteca comunale """Giulio Einaudi"""","44,77038463384940","10,78011262147080","http://biblioteche.provincia.re.it/correggio","http://dati.emilia-romagna.it/id/ibc/condition/IT-RE0031_orari"
"Biblioteca comunale """Edmondo De Amicis"""","44,54701419642740","11,19313994588830","http://www.bibliotecanzola.it","http://dati.emilia-romagna.it/id/ibc/condition/IT-BO0001_orari"
"Archivio Biblioteca Mediateca del Teatro Municipale """Romolo Valli"""","44,69985192497660","10,63109059011330","http://www.iteatri.re.it","http://dati.emilia-romagna.it/id/ibc/condition/IT-RE0089_orari"
"Biblioteca di Sesto Imolese","44,45873632090220","11,73216837881120","http://www.bim.comune.imola.bo.it/documenti/8537","http://dati.emilia-romagna.it/id/ibc/condition/IT-BO0244_orari"
"Biblioteca comunale di Roveleto","44,97054794031230","9,88477869379290","http://www.istitutocomprensivocadeo.it/le-biblioteche/la-chiameremo-osvaldo-cadeo/","http://dati.emilia-romagna.it/id/ibc/condition/IT-PC0006_orari"
"Biblioteca comunale """Giorgio Ambrosoli"""","44,91874973691700","10,80359360520470","http://www.comune.reggiolo.re.it/Sezione.jsp?idSezione=12","http://dati.emilia-romagna.it/id/ibc/condition/IT-RE0055_orari"
"Biblioteca comunale """Giorgio Ambrosoli"""","44,91874973691700","10,80359360520470","http://biblioteche.provincia.re.it/Sezione.jsp?idSezione=371","http://dati.emilia-romagna.it/id/ibc/condition/IT-RE0055_orari"
"Biblioteca comunale","44,62932506647730","11,27793215737640","http://www.comune.sala-bolognese.bo.it/PaginaWeb.asp?TipoInclude=BibliotecaComunale","http://dati.emilia-romagna.it/id/ibc/condition/IT-BO0217_orari"
"Biblioteca comunale """Albano Biondi"""","44,17955604235000","10,64745030441630","http://www.comune.fiumalbo.mo.it","http://dati.emilia-romagna.it/id/ibc/condition/IT-MO0026_orari"
"Biblioteca comunale """Guido Magnelli"""","44,89611421088340","9,96465748808028",,"http://dati.emilia-romagna.it/id/ibc/condition/IT-PC0001_orari"
"Biblioteca comunale """Angelo Umiltà"""","44,70054953357500","10,44591942534260","http://biblioteche.provincia.re.it/database/provincia/biblio33.nsf/0/283A872D3217AB85C1256AEE0029CBC3?opendocument","http://dati.emilia-romagna.it/id/ibc/condition/IT-RE0040_orari"
"Biblioteca comunale """Angelo Umiltà"""","44,70054953357500","10,44591942534260","http://www.comune.montecchio-emilia.re.it/Sezione.jsp?idSezione=16","http://dati.emilia-romagna.it/id/ibc/condition/IT-RE0040_orari"
"Biblioteca d'arte e archeologia dei Musei civici d'arte antica","44,83200767996400","11,62893432067810","http://www.artecultura.fe.it","http://dati.emilia-romagna.it/id/ibc/condition/IT-FE0111_orari"
"Biblioteca comunale","44,34213982258170","11,20636763833170","http://http://www.comune.marzabotto.bo.it/servizi/menu/dinamica.aspx?idArea=17075&idCat=17605&ID=176","http://dati.emilia-romagna.it/id/ibc/condition/IT-BO0206_orari"
"Biblioteca comunale","44,91314809401200","9,59840724718112",,"http://dati.emilia-romagna.it/id/ibc/condition/IT-PC0040_orari"
"Archivio storico comunale - Biblioteca","44,79273368761400","10,31115586064530","http://www.archiviostorico.comune.parma.it","http://dati.emilia-romagna.it/id/ibc/condition/IT-PR0039_orari"
"Biblioteca comunale","44,72298406943380","9,70792308747207",,"http://dati.emilia-romagna.it/id/ibc/condition/IT-PC0064_orari"
"Biblioteca comunale","44,32193152575010","10,64614664471520",,"http://dati.emilia-romagna.it/id/ibc/condition/IT-MO0101_orari"
"Biblioteca intercomunale """Giuseppe Tonna""" di Sissa - Trecasali","44,96341498314060","10,25793657339990","http://www.comune.sissa.pr.it/page.asp?IDCategoria=2551&IDSezione=17124","http://dati.emilia-romagna.it/id/ibc/condition/IT-PR0202_orari"
"Biblioteca intercomunale """Giuseppe Tonna""" di Sissa - Trecasali","44,96341498314060","10,25793657339990","http://www.comune.trecasali.pr.it/page.asp?IDCategoria=1699&IDSezione=11742","http://dati.emilia-romagna.it/id/ibc/condition/IT-PR0202_orari"
"Biblioteca """di Alice"""","44,80963102869130","10,31099648831630","http://www.biblioteche.comune.parma.it","http://dati.emilia-romagna.it/id/ibc/condition/IT-PR0206_orari"
"Biblioteca Malatestiana. Sezione ragazzi """Adamo Bettini"""","44,13944629524680","12,24475072005080","http://www.malatestiana.it/ragazzi/index.asp","http://dati.emilia-romagna.it/id/ibc/condition/IT-FC0120_orari"
"Biblioteca comunale","44,67832476979960","11,04149789453150","http://www.comune.nonantola.mo.it/uffici/area_servizi_alla_persona_servizi_socialiscuola__cultura/biblioteca/index.htm","http://dati.emilia-romagna.it/id/ibc/condition/IT-MO0097_orari"
"Biblioteca pubblica """Raffaele Pettazzoni""" di San Matteo della Decima","44,70684677785730","11,22948703774480","http://www.comunepersiceto.it/gli-uffici-comunali/cultura/cultura/biblioteche","http://dati.emilia-romagna.it/id/ibc/condition/IT-BO0255_orari"
"Biblioteca """Umberto Balestrazzi"""","44,80436891953420","10,31794186792580","http://www.biblioteche.comune.parma.it/balestrazzi/it-IT/homepage.aspx","http://dati.emilia-romagna.it/id/ibc/condition/IT-PR0198_orari"
"Biblioteca comunale """Aurelio Saffi""" e Fondo Piancastelli","44,22039869454940","12,04443641781010","http://www.cultura.comune.forli.fc.it/servizi/menu/dinamica.aspx?idArea=16315&idCat=17158&ID=17189&TipoElemento=Categoria","http://dati.emilia-romagna.it/id/ibc/condition/IT-FC0018_orari"
"Biblioteca comunale """Carlo Venturini"""","44,4453083","11,8305724","http://www.comune.massalombarda.ra.it/GUIDA-AI-SERVIZI/Cultura-e-Tempo-Libero/Centro-Culturale-Venturini","http://dati.emilia-romagna.it/id/ibc/condition/IT-RA0026_orari"
"Biblioteca comunale """Gian Domenico Romagnosi"""","44,81398449613160","9,98203308064380","http://www.comune.salsomaggiore-terme.pr.it","http://dati.emilia-romagna.it/id/ibc/condition/IT-PR0102_orari"
"Biblioteca """Luigi Spina""" nel quartiere San Donato","44,51109847981490","11,39459333410670","http://www.bibliotechebologna.it//luoghi/62013/id/51655","http://dati.emilia-romagna.it/id/ibc/condition/IT-BO0300_orari"
"Biblioteca comunale """Giulio Cesare Croce"""","44,63741288216170","11,18826553456700","http://www.comunepersiceto.it/gli-uffici-comunali/cultura/biblioteche-1","http://dati.emilia-romagna.it/id/ibc/condition/IT-BO0220_orari"
"Biblioteca Multimediale """Roberto Ruffilli"""","44,49365791607450","11,35433429517600","http://www.bibliotechebologna.it//luoghi/62013/id/51657","http://dati.emilia-romagna.it/id/ibc/condition/IT-BO0293_orari"
"Biblioteca comunale """Giovanna Zangrandi""" di San Vincenzo di Galliera","44,73303703445950","11,43945090113330","http://www.bibliotecheassociate.it/BiblioSchede/BA-galliera-fr.html","http://dati.emilia-romagna.it/id/ibc/condition/IT-BO0194_orari"
"Biblioteca comunale """Giovanna Zangrandi""" di San Vincenzo di Galliera","44,73303703445950","11,43945090113330","http://www.comune.galliera.bo.it/upload/galliera_ecm8/gestionedocumentale/Notizie%20sulla%20Biblioteca_784_2083.pdf","http://dati.emilia-romagna.it/id/ibc/condition/IT-BO0194_orari"
"Biblioteca Lame nel quartiere Navile","44,51849179737840","11,32971908830520","http://informa.comune.bologna.it/iperbole/istituzionebiblioteche/luoghi/62013/id/51652","http://dati.emilia-romagna.it/id/ibc/condition/IT-BO0294_orari"
"Biblioteca comunale """8 Marzo 1908"""","44,44202746801750","11,47561801334300","http://www.comune.ozzano.bo.it/internet/Vivere-la-citta/Biblioteca","http://dati.emilia-romagna.it/id/ibc/condition/IT-BO0212_orari"
"Biblioteca """Amilcar Cabral"""","44,48418223948370","11,33926131853140","http://www.centrocabral.com","http://dati.emilia-romagna.it/id/ibc/condition/IT-BO0285_orari"
"Biblioteca per Ragazzi - Ludoteca """Piccolo Principe"""","44,76549464304240","10,77355739582460","http://www.comune.correggio.re.it/servizi/menu/dinamica.aspx?ID=2091","http://dati.emilia-romagna.it/id/ibc/condition/IT-RE0124_orari"
"Biblioteca per Ragazzi - Ludoteca """Piccolo Principe"""","44,76549464304240","10,77355739582460","http://biblioteche.provincia.re.it/piccoloprincipe","http://dati.emilia-romagna.it/id/ibc/condition/IT-RE0124_orari"
"Biblioteca comunale """Passerini-Landi"""","45,05249034429840","9,69614083219103","http://www.biblioteche.piacenza.it/piacenza/passerinilandi/passerini-landi-sede-centrale","http://dati.emilia-romagna.it/id/ibc/condition/IT-PC0030_orari"
"Biblioteca comunale """Passerini-Landi"""","45,05249034429840","9,69614083219103","http://www.passerinilandi.piacenza.it/","http://dati.emilia-romagna.it/id/ibc/condition/IT-PC0030_orari"
"Biblioteca comunale Multimediale","44,28098314856270","11,00078994835590","http://www.comune.casteldaiano.bo.it","http://dati.emilia-romagna.it/id/ibc/condition/IT-BO0179_orari"
"Biblioteca dell'Osservatorio geofisico comunale """Raffaele Bendandi"""","44,28842340372030","11,88402395529810","http://www.geocities.com/osservatoriobendandi","http://dati.emilia-romagna.it/id/ibc/condition/IT-RA0076_orari"
"Biblioteca comunale """Augusto Majani-Nasica"""","44,53734924217830","11,53792262026740","http://www.comune.budrio.bo.it/ita/docs/cultura/homebiblio.htm","http://dati.emilia-romagna.it/id/ibc/condition/IT-BO0175_orari"
"Biblioteca comunale """Giorgio Bassani"""","44,8299552","12,1070074","http://195.62.166.245/codigoro/common/AmvSezione.do?MVSZ=11&MVPD=0","http://dati.emilia-romagna.it/id/ibc/condition/IT-FE0145_orari"
"Biblioteca comunale","44,78784488684260","11,02670181817220","http://www.comune.sanprospero.mo.it/index.asp?ind=biblioteca.htm","http://dati.emilia-romagna.it/id/ibc/condition/IT-MO0118_orari"
"Biblioteca comunale """Giovanni Antonio Battarra"""","43,9654351","12,6034231","http://www.comune.coriano.rn.it/biblioteca/biblioteca.asp","http://dati.emilia-romagna.it/id/ibc/condition/IT-RN0003_orari"
"Biblioteca comunale """Pasquale Marconi"""","44,48374673349580","10,33981768433180",,"http://dati.emilia-romagna.it/id/ibc/condition/IT-RE0073_orari"
"Biblioteca dell'Assemblea legislativa della Regione Emilia-Romagna","44,50832037605510","11,36576111416310","http://www.assemblea.emr.it/biblioteca","http://dati.emilia-romagna.it/id/ibc/condition/IT-BO0280_orari"
"Biblioteca comunale","44,99684288868620","9,61411219638582",,"http://dati.emilia-romagna.it/id/ibc/condition/IT-PC0015_orari"
"Biblioteca della Fondazione Gramsci Emilia-Romagna","44,49754905164960","11,34735003428270","http://www.iger.org/biblioteca/","http://dati.emilia-romagna.it/id/ibc/condition/IT-BO0392_orari"
"Biblioteca """Ileana Ardizzoni""" di Casumaro","44,83760751676060","11,36202457448630",,"http://dati.emilia-romagna.it/id/ibc/condition/IT-FE0146_orari"
"Biblioteca comunale """Corrado Confalonieri"""","45,08786524195840","9,59432091914845","http://www.comune.calendasco.pc.it/pagina.asp?IDpag=112&idbox=40&idvocebox=149","http://dati.emilia-romagna.it/id/ibc/condition/IT-PC0080_orari"
"Biblioteca del Quartiere Dismano - Pievesistina","44,19082799373300","12,21400960055960",,"http://dati.emilia-romagna.it/id/ibc/condition/IT-FC0126_orari"
"Biblioteca comunale """Natale Cionini"""","44,54178688480370","10,78161158239490","http://www.bibliomo.it","http://dati.emilia-romagna.it/id/ibc/condition/IT-MO0120_orari"
"Biblioteca comunale """Antonio Veggiani"""","43,94355883147760","12,17694282000330",,"http://dati.emilia-romagna.it/id/ibc/condition/IT-FC0035_orari"
"Biblioteca comunale """Giulio Cesare Croce""" - Sezione ragazzi","44,63743886330550","11,18854725177260",,"http://dati.emilia-romagna.it/id/ibc/condition/IT-BO0625_orari"
"Biblioteca comunale """Passerini-Landi""" - Sezione ragazzi """Giana Anguissola"""","45,05290800045130","9,69541309416178","http://passerinilandi.biblioteche.piacenza.it/pagine/pag178.aspx","http://dati.emilia-romagna.it/id/ibc/condition/IT-PC0071_orari"
"Biblioethnica","44,83178762627750","11,62162457575670","http://siafe.comune.fe.it/index.phtml?id=234","http://dati.emilia-romagna.it/id/ibc/condition/IT-FE0110_orari"
"Biblioteca decentrata """Villaggio Giardino"""","44,64160291752600","10,89576557620090","http://www.comune.modena.it/biblioteche/villaggiogiardino","http://dati.emilia-romagna.it/id/ibc/condition/IT-MO0154_orari"
"Biblioteca comunale di San Pietro in Casale. Sezione distaccata Ragazzi","44,70024129701290","11,40438904668840","http://www.comune.san-pietro-in-casale.bo.it/biblio_ragazzi.htm","http://dati.emilia-romagna.it/id/ibc/condition/IT-BO0611_orari"
"Biblioteca comunale di San Pietro in Casale. Sezione distaccata Ragazzi","44,70024129701290","11,40438904668840","http://www.bibliotecheassociate.it/BiblioSchede/BA-spietrorag-fr.html","http://dati.emilia-romagna.it/id/ibc/condition/IT-BO0611_orari"
"Biblioteca della salute mentale e delle scienze umane. Servizio bibliotecario integrato """Gian Franco Minguzzi - Carlo Gentili"""","44,49421941569520","11,33049719855500","http://www.minguzzi.provincia.bologna.it","http://dati.emilia-romagna.it/id/ibc/condition/IT-BO0282_orari"
"Emeroteca comunale","44,80436891953420","10,31794186792580","http://biblioteche.comune.parma.it","http://dati.emilia-romagna.it/id/ibc/condition/IT-PR0126_orari"
"Biblioteca comunale """Rossi - Di Bella"""","44,20736354830300","10,79511705015440",,"http://dati.emilia-romagna.it/id/ibc/condition/IT-MO0022_orari"
"Biblioteca comunale """Daria Bertolani Marchetti"""","44,57269422917870","10,85070684706910","http://www.comune.formigine.mo.it","http://dati.emilia-romagna.it/id/ibc/condition/IT-MO0027_orari"
"Biblioteca comunale """Lorenza Meletti"""","44,88690477208350","11,41294419706290","http://www.comune.bondeno.fe.it/biblioteca-comunale","http://dati.emilia-romagna.it/id/ibc/condition/IT-FE0053_orari"
"Mediateca del Centro Culturale San Biagio","44,13747161131410","12,24793307194150","http://www.comune.cesena.fc.it/sanbiagiocesena","http://dati.emilia-romagna.it/id/ibc/condition/IT-FC0080_orari"
"Biblioteca comunale","44,84229135577530","11,85896802286820",,"http://dati.emilia-romagna.it/id/ibc/condition/IT-FE0037_orari"
"Biblioteca comunale """Il Volano"""","44,79603376455220","11,97348414313130","http://195.62.166.245/fiscaglia/common/Main.do","http://dati.emilia-romagna.it/id/ibc/condition/IT-FE0141_orari"
"Biblioteca dell'Archivio storico dell'U.D.I.","44,83545879623830","11,62455414516020","http://www.udiferrara.it/home/archivio-storico/biblioteca","http://dati.emilia-romagna.it/id/ibc/condition/IT-FE0170_orari"
""""Il castello dei ragazzi""" - Biblioteca """Il falco magico""" Ludoteca","44,77597761041580","10,88500287129890","http://www.castellodeiragazzi.it","http://dati.emilia-romagna.it/id/ibc/condition/IT-MO0212_orari"
"Biblioteca comunale","44,87083938368130","9,64315263709286",,"http://dati.emilia-romagna.it/id/ibc/condition/IT-PC0037_orari"
"Biblioteca e Fonoteca dell'Istituto musicale """Arcangelo Corelli"""","44,13650139941620","12,24519641829920","http://www.aspcesenavallesavio.eu/corelli","http://dati.emilia-romagna.it/id/ibc/condition/IT-FC0078_orari"
"Biblioteca comunale """Giuseppe Ceccarelli"""","44,10734749677400","12,38545648159730",,"http://dati.emilia-romagna.it/id/ibc/condition/IT-FC0029_orari"
"Biblioteca e Archivio storico di """Casa Lyda Borelli"""","44,48947812087960","11,31215023538200","http://www.casalydaborelli.it/Biblioteca.html","http://dati.emilia-romagna.it/id/ibc/condition/IT-BO0357_orari"
"Biblioteca comunale """Giorgio Celli""" di Vado - Sezione Ragazzi","44,31698778488700","11,25746286081730",,"http://dati.emilia-romagna.it/id/ibc/condition/IT-BO0528_orari"
"Biblioteca comunale","44,54886652195910","10,93914021320410","http://www.comune.castelnuovo-rangone.mo.it/biblioteca/biblioteca_comunale.htm","http://dati.emilia-romagna.it/id/ibc/condition/IT-MO0016_orari"
"Biblioteca """Natura Rerum"""","44,22859048638180","12,05371874079950",,"http://dati.emilia-romagna.it/id/ibc/condition/IT-FC0116_orari"
"Biblioteca Tecnico-Scientifica Azienda USL di Ravenna","44,28757090305870","11,87446285192180","http://www.ausl.ra.it/index.php?option=com_content&view=article&id=107&Itemid=416","http://dati.emilia-romagna.it/id/ibc/condition/IT-RA0077_orari"
"Biblioteca del Quartiere Oltresavio - San Mauro in Valle","44,13316322105000","12,22448223882150","http://oltresavio.sitiasp.it","http://dati.emilia-romagna.it/id/ibc/condition/IT-FC0123_orari"
"Biblioteca del Quartiere Oltresavio - San Mauro in Valle","44,13316322105000","12,22448223882150","http://www.bibliotecaoltresavio.it","http://dati.emilia-romagna.it/id/ibc/condition/IT-FC0123_orari"
"Biblioteca dell'Agenzia sanitaria e sociale regionale","44,51005753307580","11,35910220986230","http://assr.regione.emilia-romagna.it/it/servizi/biblioteca","http://dati.emilia-romagna.it/id/ibc/condition/IT-BO0574_orari"
"Biblioteca comunale","44,84121901710880","10,53907810576270","http://www.comune.poviglio.re.it/Sezione.jsp?idSezione=543","http://dati.emilia-romagna.it/id/ibc/condition/IT-RE0043_orari"
"Biblioteca comunale","44,84121901710880","10,53907810576270","http://biblioteche.provincia.re.it/Sezione.jsp?idSezione=66","http://dati.emilia-romagna.it/id/ibc/condition/IT-RE0043_orari"
"Biblioteca Pio Istituto """Domenico Manara"""","44,48743151706020","9,77526268911921","http://www.comune.borgo-val-di-taro.pr.it","http://dati.emilia-romagna.it/id/ibc/condition/IT-PR0004_orari"
"Biblioteca provinciale dei Frati Minori dell'Emilia","44,48644844831010","11,35939003321400","http://www.anagrafebbcc.chiesacattolica.it/anagraficaCEIBib/public/VisualizzaScheda.do","http://dati.emilia-romagna.it/id/ibc/condition/IT-BO0330_orari"
"Biblioteca provinciale dei Frati Minori dell'Emilia","44,48644844831010","11,35939003321400","http://www.fratiminorier.it/attivita.php?id=4&attiva=2#biblioteca","http://dati.emilia-romagna.it/id/ibc/condition/IT-BO0330_orari"
"Biblioteca comunale","44,00169956711470","11,91278020519200","http://www.bibliotecheromagna.it/main/index.php?id_pag=12&id_loc=61","http://dati.emilia-romagna.it/id/ibc/condition/IT-FC0082_orari"
"Centro di lettura per ragazzi """Ada Ottolenghi""" di Marina di Ravenna","44,48524043437940","12,27914518519000","http://www.classense.ra.it/main/index.php?id_pag=322","http://dati.emilia-romagna.it/id/ibc/condition/IT-RA0070_orari"
"Biblioteca comunale","44,6827465","11,297167","http://www.comune.castello-d-argile.bo.it/main/main.asp?doc=08105","http://dati.emilia-romagna.it/id/ibc/condition/IT-BO0183_orari"
"Biblioteca comunale","44,6827465","11,297167","http://www.bibliotecheassociate.it/BiblioSchede/BA-cargile-fr.html","http://dati.emilia-romagna.it/id/ibc/condition/IT-BO0183_orari"
"Biblioteca comunale """Marino Moretti"""","44,20144168225250","12,39766197995010","http://www.cesenatico.it/biblioteca/bib_home.html","http://dati.emilia-romagna.it/id/ibc/condition/IT-FC0074_orari"
"Biblioteca comunale","45,0955694","9,98875769","http://www.comune.castelvetro.pc.it/","http://dati.emilia-romagna.it/id/ibc/condition/IT-PC0066_orari"
"Biblioteca """Renzo Renzi""" Cinema e Fotografia","44,47216150955870","11,36480824014550","http://www.cinetecadibologna.it/biblioteca","http://dati.emilia-romagna.it/id/ibc/condition/IT-BO0286_orari"
"Biblioteca comunale","43,98080657786750","11,78495866660550","http://www.comune.premilcuore.fc.it","http://dati.emilia-romagna.it/id/ibc/condition/IT-FC0049_orari"
"Biblioteca comunale","44,21576180355430","11,23426563078720","http://www.comune.sanbenedettovaldisambro.bo.it","http://dati.emilia-romagna.it/id/ibc/condition/IT-BO0258_orari"
"Biblioteca della Fondazione Collegio San Carlo","44,64555122643570","10,92733906899010","http://biblioteca.fondazionesancarlo.it/fsc/Viewer?cmd=default","http://dati.emilia-romagna.it/id/ibc/condition/IT-MO0057_orari"
"Biblioteca comunale","44,07835357489600","11,74331463477570",,"http://dati.emilia-romagna.it/id/ibc/condition/IT-FC0069_orari"
"Biblioteca comunale """Bjornstjerne Bjornson"""","44,35384612820150","11,41316179420840","http://www.comunemonterenzio.eu/index.php?option=com_content&view=article&id=113&Itemid=234","http://dati.emilia-romagna.it/id/ibc/condition/IT-BO0209_orari"
